code,name,category,sample_type,price,turnaround_time,description,instructions,param_1_name,param_1_unit,param_1_reference_range,param_2_name,param_2_unit,param_2_reference_range,param_3_name,param_3_unit,param_3_reference_range,param_4_name,param_4_unit,param_4_reference_range,param_5_name,param_5_unit,param_5_reference_range,param_6_name,param_6_unit,param_6_reference_range,param_7_name,param_7_unit,param_7_reference_range,param_8_name,param_8_unit,param_8_reference_range,param_9_name,param_9_unit,param_9_reference_range,param_10_name,param_10_unit,param_10_reference_range,param_11_name,param_11_unit,param_11_reference_range,param_12_name,param_12_unit,param_12_reference_range,param_13_name,param_13_unit,param_13_reference_range,param_14_name,param_14_unit,param_14_reference_range,param_15_name,param_15_unit,param_15_reference_range,param_16_name,param_16_unit,param_16_reference_range,param_17_name,param_17_unit,param_17_reference_range,param_18_name,param_18_unit,param_18_reference_range,param_19_name,param_19_unit,param_19_reference_range,param_20_name,param_20_unit,param_20_reference_range,param_21_name,param_21_unit,param_21_reference_range,param_22_name,param_22_unit,param_22_reference_range,param_23_name,param_23_unit,param_23_reference_range,param_24_name,param_24_unit,param_24_reference_range,param_25_name,param_25_unit,param_25_reference_range,param_26_name,param_26_unit,param_26_reference_range,param_27_name,param_27_unit,param_27_reference_range,param_28_name,param_28_unit,param_28_reference_range,param_29_name,param_29_unit,param_29_reference_range,param_30_name,param_30_unit,param_30_reference_range
LAB001,COMPLETE BLOOD COUNT(CBC),HEMATOLOGY,BLOOD,1000,3 HOURS,Complete blood count with differential,3cc edta blood or CBC VIAL,Hemoglobin (Hb),g/dL,"male:13.5 – 17.5, female:12.0 – 15.5",Red Blood Cell Count (RBC),million/mcgL,4.5 – 5.9,Hematocrit (HCT/PCV),%,41 – 53,Mean Corpuscular Volume (MCV),fL,80 – 100,Mean Corpuscular Hemoglobin (MCH),pg,27 – 33,Mean Corpuscular Hemoglobin Concentration (MCHC),g/dL,32 – 36,Red Cell Distribution Width (RDW),%,11.5 – 14.5,White Blood Cell Count (WBC/TLC),cells/mcgL,"4,000 – 11,000",Neutrophils,%,40 – 70,Lymphocytes,%,20 – 45,Monocytes,%,2 – 10,Eosinophils,%,1 – 6,Basophils,%,0 – 1,Platelet Count,cells/mcgL,"150,000 – 450,000",Mean Platelet Volume (MPV),fL,7.5 – 11.5,,,,,,,,,,,,,,,,,,,,,,,,,,,,,,,,,,,,,,,,,,,,,
LAB002,LIVER FUNCTION TEST(LFTS),BIOCHEMISTRY,BLOOD,1700,4 HOURS,,clotted blood or serum,Total Bilirubin,mg/dL,0.3 – 1.2,Direct Bilirubin,mg/dL,0.0 – 0.3,Indirect Bilirubin,mg/dL,0.2 – 0.9,Alanine Aminotransferase (ALT/SGPT),U/L,"male:7 – 55, female:7 – 45",Aspartate Aminotransferase (AST/SGOT),U/L,8 – 48,Alkaline Phosphatase (ALP),U/L,44 – 147,,,,,,,,,,,,,,,,,,,,,,,,,,,,,,,,,,,,,,,,,,,,,,,,,,,,,,,,,,,,,,,,,,,,,,,,
LAB003,COMPLETE URINE EXAMINATION,BIOCHEMISTRY,URINE,500,2 HOURS,,fresh urine with in 1 hour,Color,-,Pale Yellow to Amber,Appearance,-,Clear,Specific Gravity,-,1.005 – 1.030,pH,-,4.5 – 8.0,Protein,-,Negative,Glucose,-,Negative,Ketones,-,Negative,Bilirubin,-,Negative,Urobilinogen,mg/dL,0.1 – 1.0,Blood/Hemoglobin,-,Negative,Nitrite,-,Negative,Leukocyte Esterase,-,Negative,Pus Cells (WBCs),/HPF,0 – 5,Red Blood Cells (RBCs),/HPF,0 – 2,Epithelial Cells,/HPF,Few,Casts,/LPF,Absent,Crystals,-,Absent / Few,Bacteria,-,Absent,Yeast Cells,-,Absent,Mucus Threads,-,Absent / Few,,,,,,,,,,,,,,,,,,,,,,,,,,,,,,
LAB004,URIC ACID,BIOCHEMISTRY,BLOOD,600,4 HOURS,,CLOTTED BLOOD OR SERUM,Uric Acid,mg/dL,Male:3.4-7.0 Female:2.4-6.0,,,,,,,,,,,,,,,,,,,,,,,,,,,,,,,,,,,,,,,,,,,,,,,,,,,,,,,,,,,,,,,,,,,,,,,,,,,,,,,,,,,,,,,
LAB005,LIPID PROFILE,BIOCHEMISTRY,BLOOD,1700,4 HOURS,,CLOTTED BLOOD OR SERUM,Total Cholesterol,mg/dL,<200,HDL,mg/dL,>40,LDL,mg/dL,<100,Triglycerides,mg/dL,<150,,,,,,,,,,,,,,,,,,,,,,,,,,,,,,,,,,,,,,,,,,,,,,,,,,,,,,,,,,,,,,,,,,,,,,,,,,,,,,
LAB006,BLOOD SUGAR (FASTING),BIOCHEMISTRY,BLOOD,300,45 MINUTES,,sodium fluoride tube grey top cap,Blood Sugar (Fasting),mg/dL,70-99,,,,,,,,,,,,,,,,,,,,,,,,,,,,,,,,,,,,,,,,,,,,,,,,,,,,,,,,,,,,,,,,,,,,,,,,,,,,,,,,,,,,,,,
LAB007,BLOOD SUGAR (RANDOM),BIOCHEMISTRY,BLOOD,300,45 MINUTES,,sodium fluoride tube( grey top),Blood Sugar (Random),mg/dL,<140,,,,,,,,,,,,,,,,,,,,,,,,,,,,,,,,,,,,,,,,,,,,,,,,,,,,,,,,,,,,,,,,,,,,,,,,,,,,,,,,,,,,,,,
LAB008,BLOOD GROUP,BIOCHEMISTRY,BLOOD,400,10 MINUTES,,EDTA WHOLE BLOOD OR CBC VIAL,Blood Group,,,,,,,,,,,,,,,,,,,,,,,,,,,,,,,,,,,,,,,,,,,,,,,,,,,,,,,,,,,,,,,,,,,,,,,,,,,,,,,,,,,,,,,,,
LAB009,HBA1C,BIOCHEMISTRY,BLOOD,1500,3 TO 4 HOURS,,2 cc blood in cbc tube,HbA1c,%,<5.7,,,,,,,,,,,,,,,,,,,,,,,,,,,,,,,,,,,,,,,,,,,,,,,,,,,,,,,,,,,,,,,,,,,,,,,,,,,,,,,,,,,,,,,
LAB010,RENAL PROFILE(RFTS),BIOCHEMISTRY,BLOOD,1700,4 HOURS,,3 cc clotted blood or serum,Urea,mg/dL,15-40,Creatinine,mg/dL,0.6-1.3,,,,,,,,,,,,,,,,,,,,,,,,,,,,,,,,,,,,,,,,,,,,,,,,,,,,,,,,,,,,,,,,,,,,,,,,,,,,,,,,,,,,
LAB011,HCV ANTIBODY (SCREENING) ICT METHOD,IMMUNOLOGY,BLOOD,800,3 HOURS,,3 cc clotted blood or serum,HCV Antibody,,Negative,,,,,,,,,,,,,,,,,,,,,,,,,,,,,,,,,,,,,,,,,,,,,,,,,,,,,,,,,,,,,,,,,,,,,,,,,,,,,,,,,,,,,,,
LAB012,CHOLESTROL,BIOCHEMISTRY,BLOOD,600,2 HOURS,,clotted blood serum,Cholesterol,mg/dL,<200,,,,,,,,,,,,,,,,,,,,,,,,,,,,,,,,,,,,,,,,,,,,,,,,,,,,,,,,,,,,,,,,,,,,,,,,,,,,,,,,,,,,,,,
LAB013,SGPT ALT,BIOCHEMISTRY,BLOOD,600,4 HOURS,,clotted blood or serum,ALT (SGPT),U/L,7-56,,,,,,,,,,,,,,,,,,,,,,,,,,,,,,,,,,,,,,,,,,,,,,,,,,,,,,,,,,,,,,,,,,,,,,,,,,,,,,,,,,,,,,,
LAB014,HBSAG ( SCREENING) ICT METHOD,IMMUNOLOGY,BLOOD,800,3 HOURS,,3 cc clotted blood or serum,HBsAg,,Negative,,,,,,,,,,,,,,,,,,,,,,,,,,,,,,,,,,,,,,,,,,,,,,,,,,,,,,,,,,,,,,,,,,,,,,,,,,,,,,,,,,,,,,,
LAB015,Haemoglobin (HB),HEMATOLOGY,BLOOD,400,1 HOUR,,cbc vial whole blood,Hemoglobin,g/dL,"Male:13.5-17.5, Female:12-15.5",,,,,,,,,,,,,,,,,,,,,,,,,,,,,,,,,,,,,,,,,,,,,,,,,,,,,,,,,,,,,,,,,,,,,,,,,,,,,,,,,,,,,,,
LAB016,TYPHIDOT (SPECIAL REPORT ) ICT METHOD,IMMUNOLOGY,BLOOD,900,3 HOURS,,,Typhidot,,Negative,,,,,,,,,,,,,,,,,,,,,,,,,,,,,,,,,,,,,,,,,,,,,,,,,,,,,,,,,,,,,,,,,,,,,,,,,,,,,,,,,,,,,,,
LAB017,H PYLORI ANTIBODY ( SCREENING ),IMMUNOLOGY,BLOOD,900,3 HOURS,,3 CC CLOTTED BLOOD OR SERUM,H. pylori Antibody,,Negative,,,,,,,,,,,,,,,,,,,,,,,,,,,,,,,,,,,,,,,,,,,,,,,,,,,,,,,,,,,,,,,,,,,,,,,,,,,,,,,,,,,,,,,
LAB018,COMPLETE BLOOD COUNT WITH ESR,HEMATOLOGY,BLOOD,1200,3 HOURS,,2 cc blood in ( cbc vial ) & ( black top vial),Hemoglobin (Hb),g/dL,"male:13.5 – 17.5, female:12.0 – 15.5",Red Blood Cell Count (RBC),million/mcgL,4.5 – 5.9,Hematocrit (HCT/PCV),%,41 – 53,Mean Corpuscular Volume (MCV),fL,80 – 100,Mean Corpuscular Hemoglobin (MCH),pg,27 – 33,Mean Corpuscular Hemoglobin Concentration (MCHC),g/dL,32 – 36,Red Cell Distribution Width (RDW),%,11.5 – 14.5,White Blood Cell Count (WBC/TLC),cells/mcgL,"4,000 – 11,000",Neutrophils,%,40 – 70,Lymphocytes,%,20 – 45,Monocytes,%,2 – 10,Eosinophils,%,1 – 6,Basophils,%,0 – 1,Platelet Count,cells/mcgL,"150,000 – 450,000",Mean Platelet Volume (MPV),fL,7.5 – 11.5,Erythrocyte Sedimentation Rate (ESR),mm/hr,0 – 15,,,,,,,,,,,,,,,,,,,,,,,,,,,,,,,,,,,,,,,,,,
LAB019,URINE PREGNANCY TEST,BIOCHEMISTRY,URINE,400,HALF AN HOUR,,FRESH URINE,Urine Pregnancy Test,,Negative,,,,,,,,,,,,,,,,,,,,,,,,,,,,,,,,,,,,,,,,,,,,,,,,,,,,,,,,,,,,,,,,,,,,,,,,,,,,,,,,,,,,,,,
LAB020,TSH ( CLIA ),BIOCHEMISTRY,BLOOD,1400,4 TO 5 HOURS,,3cc clotted blood or serum,TSH,mIU/L,0.4-4.0,,,,,,,,,,,,,,,,,,,,,,,,,,,,,,,,,,,,,,,,,,,,,,,,,,,,,,,,,,,,,,,,,,,,,,,,,,,,,,,,,,,,,,,
LAB021,HIV ( SCREENING ),IMMUNOLOGY,BLOOD,800,3 HOURS,,3 CC CLOTTED BLOOD OR SERUM,HIV,,Negative,,,,,,,,,,,,,,,,,,,,,,,,,,,,,,,,,,,,,,,,,,,,,,,,,,,,,,,,,,,,,,,,,,,,,,,,,,,,,,,,,,,,,,,
LAB022,BILLIRUBIN TOTAL,BIOCHEMISTRY,BLOOD,700,4 HOURS,,3 cc clotted or serum,Total Bilirubin,mg/dL,0.1-1.2,,,,,,,,,,,,,,,,,,,,,,,,,,,,,,,,,,,,,,,,,,,,,,,,,,,,,,,,,,,,,,,,,,,,,,,,,,,,,,,,,,,,,,,
LAB023,PT (PROTHROMBIN TIME),BIOCHEMISTRY,BLOOD,700,4 HOURS,,sodium citrate tube 3.5% ( light blue top),PT,sec,11-13.5,,,,,,,,,,,,,,,,,,,,,,,,,,,,,,,,,,,,,,,,,,,,,,,,,,,,,,,,,,,,,,,,,,,,,,,,,,,,,,,,,,,,,,,
LAB024,BILLIRUBIN DIRECT,BIOCHEMISTRY,BLOOD,500,4 HOURS,,3 cc clotted blood or serum,Direct Bilirubin,mg/dL,0-0.3,,,,,,,,,,,,,,,,,,,,,,,,,,,,,,,,,,,,,,,,,,,,,,,,,,,,,,,,,,,,,,,,,,,,,,,,,,,,,,,,,,,,,,,
LAB025,BILLIRUBIN INDIRECT,BIOCHEMISTRY,BLOOD,500,4 HOURS,,3cc clotted blood or serum,Indirect Bilirubin,mg/dL,0.2-0.8,,,,,,,,,,,,,,,,,,,,,,,,,,,,,,,,,,,,,,,,,,,,,,,,,,,,,,,,,,,,,,,,,,,,,,,,,,,,,,,,,,,,,,,
LAB026,WIDAL TEST,IMMUNOLOGY,BLOOD,900,3 HOURS,,3cc clotted blood or serum,Widal,,Negative,,,,,,,,,,,,,,,,,,,,,,,,,,,,,,,,,,,,,,,,,,,,,,,,,,,,,,,,,,,,,,,,,,,,,,,,,,,,,,,,,,,,,,,
LAB027,APTT,BIOCHEMISTRY,BLOOD,700,4 HOURS,,SODIUM CITRATE 3.5% tube( light blue top,APTT,sec,25-35,,,,,,,,,,,,,,,,,,,,,,,,,,,,,,,,,,,,,,,,,,,,,,,,,,,,,,,,,,,,,,,,,,,,,,,,,,,,,,,,,,,,,,,
LAB028,CRP ( HIGH SENISITIVITY),IMMUNOLOGY,BLOOD,1500,4 HOURS,,3 cc clottede blood or serum,CRP (hs),mg/L,<3,,,,,,,,,,,,,,,,,,,,,,,,,,,,,,,,,,,,,,,,,,,,,,,,,,,,,,,,,,,,,,,,,,,,,,,,,,,,,,,,,,,,,,,
LAB029,SEMEN ANALYSIS PROFILE,BIOCHEMISTRY,SEMEN,2500,4 TO 5 HOURS,,Fresh Semen After 4 days of abstinence,Volume,mL,? 1.4,Color,-,Grey opalescent / Whitish,Appearance,-,Homogeneous,Liquefaction Time,minutes,? 60,Viscosity,-,Normal,pH,-,7.2 – 8.0,Sperm Concentration,million/mL,? 16,Total Sperm Count,million/ejaculate,? 39,Total Motility (PR + NP),%,? 42,Progressive Motility (PR),%,? 30,Non-progressive Motility (NP),%,< 20,Immotile Sperms,%,< 58,Normal Morphology,%,? 4,Vitality (Live Sperms),%,? 54,Round Cells,million/mL,< 1,Pus Cells (WBCs),/HPF,0 – 5,Red Blood Cells (RBCs),/HPF,Absent,Epithelial Cells,/HPF,Few / Absent,Agglutination,-,Absent,Debris,-,Minimal,Fructose,-,Present,,,,,,,,,,,,,,,,,,,,,,,,,,,
LAB030,VITAMIN D3 (BONE PROFILE),BIOCHEMISTRY,BLOOD,3300,6 HOURS,,3 CC CLOTTED BLOOD OR SERUM,Vitamin D,ng/mL,20-50,,,,,,,,,,,,,,,,,,,,,,,,,,,,,,,,,,,,,,,,,,,,,,,,,,,,,,,,,,,,,,,,,,,,,,,,,,,,,,,,,,,,,,,
LAB031,CREATININE,BIOCHEMISTRY,BLOOD,600,4 HOURS,,CLOTTED BLOOD OR SERUM,Creatinine,mg/dL,0.6-1.3,,,,,,,,,,,,,,,,,,,,,,,,,,,,,,,,,,,,,,,,,,,,,,,,,,,,,,,,,,,,,,,,,,,,,,,,,,,,,,,,,,,,,,,
LAB032,RA FACTOR( RHEUMATOID FACTOR),IMMUNOLOGY,BLOOD,900,4 HOURS,,CLOTTED BLOOD OR SERUM,RA Factor,IU/mL,<14,,,,,,,,,,,,,,,,,,,,,,,,,,,,,,,,,,,,,,,,,,,,,,,,,,,,,,,,,,,,,,,,,,,,,,,,,,,,,,,,,,,,,,,
LAB033,T4 ( THYROXINE ) ( CLIA ),BIOCHEMISTRY,BLOOD,1000,4 TO 5 HOURS,,3 cc clotted blood or serum,T4,ng/dL,0.8-1.8,,,,,,,,,,,,,,,,,,,,,,,,,,,,,,,,,,,,,,,,,,,,,,,,,,,,,,,,,,,,,,,,,,,,,,,,,,,,,,,,,,,,,,,
LAB034,CALCIUM (CA),BIOCHEMISTRY,BLOOD,600,4 HOURS,,3 cc clotted blood or serum,Calcium,mg/dL,8.5-10.5,,,,,,,,,,,,,,,,,,,,,,,,,,,,,,,,,,,,,,,,,,,,,,,,,,,,,,,,,,,,,,,,,,,,,,,,,,,,,,,,,,,,,,,
LAB035,THYROID PROFILE (TFTS),BIOCHEMISTRY,BLOOD,4000,4 TO 5 WORKING DAY,,,TSH,mcIU/mL,"Newborn: 1.0–39.0, Children: 0.7–6.4, Adults: 0.4–4.0, Older Adults: 0.5–6.0  ",Total T3,ng/dL,"Newborn: 105–245, Children: 100–260, Adults: 80–200, Older Adults: 70–180  ",Free T3 (FT3),pg/mL,"Newborn: 1.5–6.0, Children: 2.0–5.5, Adults: 2.3–4.2, Older Adults: 2.0–4.0  ",Total T4,mcg/dL,"Newborn: 10–22, Children: 6–14, Adults: 5–12, Older Adults: 4.5–11  ",Free T4 (FT4),ng/dL,"Newborn: 1.0–2.6, Children: 0.8–2.0, Adults: 0.8–1.8, Older Adults: 0.7–1.7  ",Reverse T3 (rT3),ng/dL,"Newborn: Not Established, Children: 10–30, Adults: 10–24, Older Adults: 10–24  ",Thyroglobulin,ng/mL,"Newborn: Not Established, Children: 3–40, Adults: 3–40, Older Adults: 3–40  ",Anti-TPO Antibodies,IU/mL,"Newborn: <35, Children: <35, Adults: <35, Older Adults: <35  ",Anti-Thyroglobulin Antibodies,IU/mL,"Newborn: <40, Children: <40, Adults: <40, Older Adults: <40  ",TSH Receptor Antibodies (TRAb),IU/L,"Newborn: <1.75, Children: <1.75, Adults: <1.75, Older Adults: <1.75  ",Thyroxine Binding Globulin (TBG),mcg/mL,"Newborn: 15–36, Children: 12–30, Adults: 12–30, Older Adults: 12–30  ",,,,,,,,,,,,,,,,,,,,,,,,,,,,,,,,,,,,,,,,,,,,,,,,,,,,,,,,,
LAB036,TOTAL T3 ( CLIA ),BIOCHEMISTRY,BLOOD,1000,4 TO 5 HOURS,,3 cc clotted blood or serum,T3,ng/dL,80-200,,,,,,,,,,,,,,,,,,,,,,,,,,,,,,,,,,,,,,,,,,,,,,,,,,,,,,,,,,,,,,,,,,,,,,,,,,,,,,,,,,,,,,,
LAB037,HCV ( CHEMILUMINESCENCE ),IMMUNOLOGY,BLOOD,1500,4 TO 5 WORKING DAY,,clotted blood or serum,HCV,,Negative,,,,,,,,,,,,,,,,,,,,,,,,,,,,,,,,,,,,,,,,,,,,,,,,,,,,,,,,,,,,,,,,,,,,,,,,,,,,,,,,,,,,,,,
LAB038,BLOOD UREA,BIOCHEMISTRY,BLOOD,600,4 HOURS,,CLOTTED BLOOD OR SERUM,Blood Urea,mg/dL,15-40,,,,,,,,,,,,,,,,,,,,,,,,,,,,,,,,,,,,,,,,,,,,,,,,,,,,,,,,,,,,,,,,,,,,,,,,,,,,,,,,,,,,,,,
LAB039,ELECTROLYTES,BIOCHEMISTRY,BLOOD,1400,2 OR 3 HOURS,,3 cc clotted blood or serum,Sodium,mmol/L,135-145,Potassium,mmol/L,3.5-5.0,Chloride,mmol/L,98-106,,,,,,,,,,,,,,,,,,,,,,,,,,,,,,,,,,,,,,,,,,,,,,,,,,,,,,,,,,,,,,,,,,,,,,,,,,,,,,,,,
LAB040,MALARIA PARASITES (ICT METHOD),BIOCHEMISTRY,BLOOD,900,4 HOURS,,WHOLE BLOOD IN CBC TUBE,Malaria Parasite,,Negative,,,,,,,,,,,,,,,,,,,,,,,,,,,,,,,,,,,,,,,,,,,,,,,,,,,,,,,,,,,,,,,,,,,,,,,,,,,,,,,,,,,,,,,
LAB041,VDRL.. SYPHILIS ( SCREENING),BIOCHEMISTRY,BLOOD,900,3 HOURS,,3 CC CLOTTED BLOOD OR SERUM,VDRL,,Negative,,,,,,,,,,,,,,,,,,,,,,,,,,,,,,,,,,,,,,,,,,,,,,,,,,,,,,,,,,,,,,,,,,,,,,,,,,,,,,,,,,,,,,,
LAB042,HBSAG ( CHEMILUMINESCENCE ),IMMUNOLOGY,BLOOD,1500,4 TO 5 WORKING DAY,,clotted blood or serum,HBsAg,,Negative,,,,,,,,,,,,,,,,,,,,,,,,,,,,,,,,,,,,,,,,,,,,,,,,,,,,,,,,,,,,,,,,,,,,,,,,,,,,,,,,,,,,,,,
LAB043,AMYLASE,BIOCHEMISTRY,BLOOD,1500,4 HOURS,,clotted blood or serum,Amylase,U/L,30-110,,,,,,,,,,,,,,,,,,,,,,,,,,,,,,,,,,,,,,,,,,,,,,,,,,,,,,,,,,,,,,,,,,,,,,,,,,,,,,,,,,,,,,,
LAB044,HCV RNA BY REAL TIME PCR (QUANTITATIVE),IMMUNOLOGY,BLOOD,4500,6 TO 7 WORKING WOR,,3cc clotted blood or serum,HCV RNA PCR,IU/mL,Not Detected,,,,,,,,,,,,,,,,,,,,,,,,,,,,,,,,,,,,,,,,,,,,,,,,,,,,,,,,,,,,,,,,,,,,,,,,,,,,,,,,,,,,,,,
LAB045,SGOT(AST),BIOCHEMISTRY,BLOOD,600,4 HOURS,,3 cc clotted blood or serum,AST (SGOT),U/L,10-40,,,,,,,,,,,,,,,,,,,,,,,,,,,,,,,,,,,,,,,,,,,,,,,,,,,,,,,,,,,,,,,,,,,,,,,,,,,,,,,,,,,,,,,
LAB046,BUN,BIOCHEMISTRY,BLOOD,400,4 HOURS,,3cc clotted blood or serum,BUN,mg/dL,7-20,,,,,,,,,,,,,,,,,,,,,,,,,,,,,,,,,,,,,,,,,,,,,,,,,,,,,,,,,,,,,,,,,,,,,,,,,,,,,,,,,,,,,,,
LAB047,ESR,BIOCHEMISTRY,BLOOD,500,2 HOURS,,3.8 % SODIUM CITRATE,ESR,mm/hr,Male:0-15 Female:0-20,,,,,,,,,,,,,,,,,,,,,,,,,,,,,,,,,,,,,,,,,,,,,,,,,,,,,,,,,,,,,,,,,,,,,,,,,,,,,,,,,,,,,,,
LAB048,TRIGLYCERIDES,BIOCHEMISTRY,BLOOD,600,2 HOURS,,clotted blood serum,Triglycerides,mg/dL,<150,,,,,,,,,,,,,,,,,,,,,,,,,,,,,,,,,,,,,,,,,,,,,,,,,,,,,,,,,,,,,,,,,,,,,,,,,,,,,,,,,,,,,,,
LAB049,PROLACTIN ( CLIA ),BIOCHEMISTRY,BLOOD,1500,5 HOURS,,clotted blood or serum,Prolactin,ng/mL,Male:2-18 Female:2-29,,,,,,,,,,,,,,,,,,,,,,,,,,,,,,,,,,,,,,,,,,,,,,,,,,,,,,,,,,,,,,,,,,,,,,,,,,,,,,,,,,,,,,,
LAB050,LDH,BIOCHEMISTRY,BLOOD,1000,6 HOURS,,CLOTED BLOOD OR SERUM,LDH,U/L,140-280,,,,,,,,,,,,,,,,,,,,,,,,,,,,,,,,,,,,,,,,,,,,,,,,,,,,,,,,,,,,,,,,,,,,,,,,,,,,,,,,,,,,,,,
LAB051,TB (TUBERCULOSIS),BIOCHEMISTRY,BLOOD,900,3 TO 4 HOURS,,3 CC CLOTED BLOOD OR SERUM,TB (Tuberculosis),,Negative,,,,,,,,,,,,,,,,,,,,,,,,,,,,,,,,,,,,,,,,,,,,,,,,,,,,,,,,,,,,,,,,,,,,,,,,,,,,,,,,,,,,,,,
LAB052,FSH ( CLIA ),BIOCHEMISTRY,BLOOD,1500,4 TO 5 HOURS,,clotted blood serum,FSH,IU/L,1.5-12.4,,,,,,,,,,,,,,,,,,,,,,,,,,,,,,,,,,,,,,,,,,,,,,,,,,,,,,,,,,,,,,,,,,,,,,,,,,,,,,,,,,,,,,,
LAB053,H PYLORI IGG (CHEMILUMINESCENCE),BIOCHEMISTRY,BLOOD,1700,Same Day,,,H. pylori IgG,,Negative,,,,,,,,,,,,,,,,,,,,,,,,,,,,,,,,,,,,,,,,,,,,,,,,,,,,,,,,,,,,,,,,,,,,,,,,,,,,,,,,,,,,,,,
LAB054,TESTOSTERONE ( CLIA ),BIOCHEMISTRY,BLOOD,1500,4 TO 5 HOURS,,3 cc clotted blood or serum,Testosterone,ng/dL,Male:300-1000,,,,,,,,,,,,,,,,,,,,,,,,,,,,,,,,,,,,,,,,,,,,,,,,,,,,,,,,,,,,,,,,,,,,,,,,,,,,,,,,,,,,,,,
LAB055,LH ( CLIA ),BIOCHEMISTRY,BLOOD,1500,5 HOURS,,clotted blood,LH,IU/L,1.7-8.6,,,,,,,,,,,,,,,,,,,,,,,,,,,,,,,,,,,,,,,,,,,,,,,,,,,,,,,,,,,,,,,,,,,,,,,,,,,,,,,,,,,,,,,
LAB056,H PYLORI IGM (CHEMILUMINESCENCE),IMMUNOLOGY,BLOOD,1700,Same Day,,3 cc clotted blood or serum,H. pylori IgM,,Negative,,,,,,,,,,,,,,,,,,,,,,,,,,,,,,,,,,,,,,,,,,,,,,,,,,,,,,,,,,,,,,,,,,,,,,,,,,,,,,,,,,,,,,,
LAB057,CA125 (CLIA),BIOCHEMISTRY,BLOOD,2200,same day,,3 T0 5 CC CLOTTED BLOOD OR SERUM,CA-125,U/mL,<35,,,,,,,,,,,,,,,,,,,,,,,,,,,,,,,,,,,,,,,,,,,,,,,,,,,,,,,,,,,,,,,,,,,,,,,,,,,,,,,,,,,,,,,
LAB058,PHOSPHORUS (PO4),BIOCHEMISTRY,BLOOD,800,5 HOURS,,serum,Phosphorus,mg/dL,2.5-4.5,,,,,,,,,,,,,,,,,,,,,,,,,,,,,,,,,,,,,,,,,,,,,,,,,,,,,,,,,,,,,,,,,,,,,,,,,,,,,,,,,,,,,,,
LAB059,ALPHA FETOPROTEIN,BIOCHEMISTRY,BLOOD,2500,4 TO 5 WORKING DAY,,clotted blood or serum,AFP,ng/mL,<10,,,,,,,,,,,,,,,,,,,,,,,,,,,,,,,,,,,,,,,,,,,,,,,,,,,,,,,,,,,,,,,,,,,,,,,,,,,,,,,,,,,,,,,
LAB060,TOTAL IGE,IMMUNOLOGY,BLOOD,2000,SAME DAY,,clotted blood or serum,Total IgE,IU/mL,<100,,,,,,,,,,,,,,,,,,,,,,,,,,,,,,,,,,,,,,,,,,,,,,,,,,,,,,,,,,,,,,,,,,,,,,,,,,,,,,,,,,,,,,,
LAB061,IRON,BIOCHEMISTRY,BLOOD,1200,same day,,serum,Iron,mcg/dL,60-170,,,,,,,,,,,,,,,,,,,,,,,,,,,,,,,,,,,,,,,,,,,,,,,,,,,,,,,,,,,,,,,,,,,,,,,,,,,,,,,,,,,,,,,
LAB062,FREE T4 ( CLIA ),BIOCHEMISTRY,BLOOD,1000,1 to2 WORKING DAYS,,3 CC CLOTTED BLOOD OR SERUM,Free T4,ng/dL,0.8-1.8,,,,,,,,,,,,,,,,,,,,,,,,,,,,,,,,,,,,,,,,,,,,,,,,,,,,,,,,,,,,,,,,,,,,,,,,,,,,,,,,,,,,,,,
LAB063,ANTI CCP,BIOCHEMISTRY,BLOOD,2500,5 to 6 days,,3 CC CLOTTED BLOOD OR SERUM,Anti-CCP,U/mL,<20,,,,,,,,,,,,,,,,,,,,,,,,,,,,,,,,,,,,,,,,,,,,,,,,,,,,,,,,,,,,,,,,,,,,,,,,,,,,,,,,,,,,,,,
LAB064,FREE T3 ( CLIA ),BIOCHEMISTRY,BLOOD,1000,1 0r 2 WORKING DAY,,clotted blood or serum,Free T3,pg/mL,2.3-4.2,,,,,,,,,,,,,,,,,,,,,,,,,,,,,,,,,,,,,,,,,,,,,,,,,,,,,,,,,,,,,,,,,,,,,,,,,,,,,,,,,,,,,,,
LAB065,PROGESTERONE,BIOCHEMISTRY,BLOOD,1500,5 HOURS,,3 cc clotted blood or serum,Progesterone,ng/mL,0.1-20,,,,,,,,,,,,,,,,,,,,,,,,,,,,,,,,,,,,,,,,,,,,,,,,,,,,,,,,,,,,,,,,,,,,,,,,,,,,,,,,,,,,,,,
LAB066,URINE CULTURE,MICROBIOLOGY,URINE,2500,5 TO 7 WORKING DAY,,FRESH URINE IN STERLIZED CONTAINER,Urine Culture,,No Growth,,,,,,,,,,,,,,,,,,,,,,,,,,,,,,,,,,,,,,,,,,,,,,,,,,,,,,,,,,,,,,,,,,,,,,,,,,,,,,,,,,,,,,,
LAB067,VITAMIN B12,BIOCHEMISTRY,BLOOD,2500,4 TO 5 WORKING DAY,,CLOTTED BLOOD OR SERUM,Vitamin B12,pg/mL,200-900,,,,,,,,,,,,,,,,,,,,,,,,,,,,,,,,,,,,,,,,,,,,,,,,,,,,,,,,,,,,,,,,,,,,,,,,,,,,,,,,,,,,,,,
LAB068,FERRITIN,BIOCHEMISTRY,BLOOD,1500,6 HOURS,,clotted blood or serum,Ferritin,ng/mL,Male:30-400 Female:15-150,,,,,,,,,,,,,,,,,,,,,,,,,,,,,,,,,,,,,,,,,,,,,,,,,,,,,,,,,,,,,,,,,,,,,,,,,,,,,,,,,,,,,,,
LAB069,ALKALINE PHOSPHATASE,BIOCHEMISTRY,BLOOD,400,SAME DAY,,CLOTTED BLOOD OR SERUM,Alkaline Phosphatase,U/L,44-147,,,,,,,,,,,,,,,,,,,,,,,,,,,,,,,,,,,,,,,,,,,,,,,,,,,,,,,,,,,,,,,,,,,,,,,,,,,,,,,,,,,,,,,
LAB070,ESTROGEN ( ESTRADIOL )(E2),BIOCHEMISTRY,BLOOD,1500,1 or 2 days,,clotted blood or serum,Estradiol (E2),pg/mL,15-350,,,,,,,,,,,,,,,,,,,,,,,,,,,,,,,,,,,,,,,,,,,,,,,,,,,,,,,,,,,,,,,,,,,,,,,,,,,,,,,,,,,,,,,
LAB071,CROSS MATCH AND INFECTIOUS DISEASES,IMMUNOLOGY,BLOOD,3000,3 TO 4 HOURS,,patient blood in(clooted and cbc vial) Donor ,ABO Blood Group,-,Compatible donor-recipient match required,Rh Typing (D Antigen),-,Compatible,Major Cross Match,-,Compatible / No Agglutination,Minor Cross Match,-,Compatible / No Agglutination,Indirect Coombs Test (ICT),-,Negative,Direct Coombs Test (DCT),-,Negative,Antibody Screening,-,Negative,Agglutination Reaction,-,Absent,Hemolysis,-,Absent,Compatibility Result,-,Compatible,BAG NO:,,,ANTI HCV,,Negative,HBsAG,,Negative,ANTI HIV,,Negative,,,,,,,,,,,,,,,,,,,,,,,,,,,,,,,,,,,,,,,,,,,,,,,,
LAB072,TOTAL PROTEIN,BIOCHEMISTRY,BLOOD,600,3 HOURS,,2 cc clotted blood or serum,Total Protein,g/dL,6-8.3,,,,,,,,,,,,,,,,,,,,,,,,,,,,,,,,,,,,,,,,,,,,,,,,,,,,,,,,,,,,,,,,,,,,,,,,,,,,,,,,,,,,,,,
LAB073,PERIPHERIAL SMEAR,BIOCHEMISTRY,BLOOD,1400,5 WORKING DAYS,,3 CC EDTA BLOOD OR IN CBC TUBE,Red Blood Cell Morphology,-,Normocytic Normochromic,Anisocytosis,-,Absent / Mild,Poikilocytosis,-,Absent,Microcytes,%,Absent / Few,Macrocytes,%,Absent / Few,Hypochromia,-,Absent,Polychromasia,-,Absent,Target Cells,-,Absent,Spherocytes,-,Absent,Schistocytes,-,Absent,Sickle Cells,-,Absent,Nucleated RBCs,/100 WBC,Absent,White Blood Cell Morphology,-,Normal,Neutrophils,%,40 – 70,Lymphocytes,%,20 – 45,Monocytes,%,2 – 10,Eosinophils,%,1 – 6,Basophils,%,0 – 1,Blast Cells,-,Absent,Platelet Morphology,-,Adequate / Normal,Platelet Count Estimate,-,Adequate,"Parasites (e.g., Malarial Parasite)",-,Absent,Rouleaux Formation,-,Absent,Toxic Granulation,-,Absent,,,,,,,,,,,,,,,,,,
LAB074,IRON PROFILE,BIOCHEMISTRY,BLOOD,3500,1 to 2 WORKING DAY,,5cc clotted blood or serum,,,,,,,,,,,,,,,,,,,,,,,,,,,,,,,,,,,,,,,,,,,,,,,,,,,,,,,,,,,,,,,,,,,,,,,,,,,,,,,,,,,,,,,,,,
LAB075,VDRL/RPR (SYPHILIS) CLIA,BIOCHEMISTRY,BLOOD,2500,4 TO 5 WORKING DAY,,3CC CLOTTED BLOOD OR SERUM,VDRL/RPR,,Negative,,,,,,,,,,,,,,,,,,,,,,,,,,,,,,,,,,,,,,,,,,,,,,,,,,,,,,,,,,,,,,,,,,,,,,,,,,,,,,,,,,,,,,,
LAB076,PSA ( PROSTATE SPECIFIC ANTIGEN ),BIOCHEMISTRY,BLOOD,2000,2 days,,clotted blood or serum,PSA,ng/mL,<4,,,,,,,,,,,,,,,,,,,,,,,,,,,,,,,,,,,,,,,,,,,,,,,,,,,,,,,,,,,,,,,,,,,,,,,,,,,,,,,,,,,,,,,
LAB077,TYPHIDOT IGM ( ELISA ),IMMUNOLOGY,BLOOD,1400,4 TO 5 WORKING DAY,,3cc clotted blood or serum,Typhidot IgM,,Negative,,,,,,,,,,,,,,,,,,,,,,,,,,,,,,,,,,,,,,,,,,,,,,,,,,,,,,,,,,,,,,,,,,,,,,,,,,,,,,,,,,,,,,,
LAB078,HBV DNA BY REAL TIME PCR (QUANTITATIVE),IMMUNOLOGY,BLOOD,4500,6 TO 7 WORKING WOR,,3cc clotted blood or serum,HBV DNA PCR,IU/mL,Not Detected,,,,,,,,,,,,,,,,,,,,,,,,,,,,,,,,,,,,,,,,,,,,,,,,,,,,,,,,,,,,,,,,,,,,,,,,,,,,,,,,,,,,,,,
LAB079,TYPHIDOT IGG (ELISA),IMMUNOLOGY,BLOOD,1400,4 TO 5 WORKING DAY,,3 cc clotted blood or serum,Typhidot IgG,,Negative,,,,,,,,,,,,,,,,,,,,,,,,,,,,,,,,,,,,,,,,,,,,,,,,,,,,,,,,,,,,,,,,,,,,,,,,,,,,,,,,,,,,,,,
LAB080,BLOOD CULTURE,MICROBIOLOGY,BLOOD,2500,7 WORKING DAYS,,(5 ML BLOOD)for adults in ADULT VIAL and ,Blood Culture,,No Growth,,,,,,,,,,,,,,,,,,,,,,,,,,,,,,,,,,,,,,,,,,,,,,,,,,,,,,,,,,,,,,,,,,,,,,,,,,,,,,,,,,,,,,,
LAB081,DENGUE FEVER IGG IGM ( ICT METHOD),BIOCHEMISTRY,BLOOD,1300,4 HOURS,,whole blood or serum,Dengue IgG/IgM,,Negative,,,,,,,,,,,,,,,,,,,,,,,,,,,,,,,,,,,,,,,,,,,,,,,,,,,,,,,,,,,,,,,,,,,,,,,,,,,,,,,,,,,,,,,
LAB082,ALBUMIN,BIOCHEMISTRY,BLOOD,600,SAME DAY,,CLOTTED BLOOD OR SERUM,Albumin,g/dL,3.5-5.0,,,,,,,,,,,,,,,,,,,,,,,,,,,,,,,,,,,,,,,,,,,,,,,,,,,,,,,,,,,,,,,,,,,,,,,,,,,,,,,,,,,,,,,
LAB083,ASO TITER,BIOCHEMISTRY,BLOOD,1000,4 HOURS,,CLOTTED BLOOD OR SERUM,ASO Titer,IU/mL,<200,,,,,,,,,,,,,,,,,,,,,,,,,,,,,,,,,,,,,,,,,,,,,,,,,,,,,,,,,,,,,,,,,,,,,,,,,,,,,,,,,,,,,,,
LAB084,RA FACTOR QUANTITATIVE,BIOCHEMISTRY,BLOOD,2500,5 TO 6 WORKING DAY,,clotted blood or serum,RA Factor Quantitative,IU/mL,<14,,,,,,,,,,,,,,,,,,,,,,,,,,,,,,,,,,,,,,,,,,,,,,,,,,,,,,,,,,,,,,,,,,,,,,,,,,,,,,,,,,,,,,,
LAB085,SPUTUM FOR AFB STAIN / ZN STAIN,BIOCHEMISTRY,BLOOD,1400,3 to 4 days,,MORNING SPUTUM,AFB Stain,,Negative,,,,,,,,,,,,,,,,,,,,,,,,,,,,,,,,,,,,,,,,,,,,,,,,,,,,,,,,,,,,,,,,,,,,,,,,,,,,,,,,,,,,,,,
LAB086,ANTI TISSUE TRANSGLUTAMINASE IGA (TTG),IMMUNOLOGY,BLOOD,3000,5 TO 6 WORKING DAY,,3 TO 5 CC CLOTTED BLOOD OR SERUM,Anti TTG IgA,U/mL,<20,,,,,,,,,,,,,,,,,,,,,,,,,,,,,,,,,,,,,,,,,,,,,,,,,,,,,,,,,,,,,,,,,,,,,,,,,,,,,,,,,,,,,,,
LAB087,D DIMMER,BIOCHEMISTRY,BLOOD,2500,6 HOURS,,sodium citrate tube ( pt vial),D-Dimer,ng/mL,<500,,,,,,,,,,,,,,,,,,,,,,,,,,,,,,,,,,,,,,,,,,,,,,,,,,,,,,,,,,,,,,,,,,,,,,,,,,,,,,,,,,,,,,,
LAB088,ANTI MULLARIAN (AMH ),BIOCHEMISTRY,BLOOD,6000,4 TO 5 WORKING DAY,,CLOTTED BLOOD OR SERUM,AMH,ng/mL,1-4,,,,,,,,,,,,,,,,,,,,,,,,,,,,,,,,,,,,,,,,,,,,,,,,,,,,,,,,,,,,,,,,,,,,,,,,,,,,,,,,,,,,,,,
LAB089,ANA ( CLIA ),BIOCHEMISTRY,BLOOD,2500,4 TO 5 WORKING DAY,,clotted blood or serum,ANA,,Negative,,,,,,,,,,,,,,,,,,,,,,,,,,,,,,,,,,,,,,,,,,,,,,,,,,,,,,,,,,,,,,,,,,,,,,,,,,,,,,,,,,,,,,,
LAB090,DENGUE NS1 AG ( ICT METHOD ),IMMUNOLOGY,BLOOD,1300,4 HOURS,,clooted blood or serum,Dengue NS1,,Negative,,,,,,,,,,,,,,,,,,,,,,,,,,,,,,,,,,,,,,,,,,,,,,,,,,,,,,,,,,,,,,,,,,,,,,,,,,,,,,,,,,,,,,,
LAB091,MICROALBUMIN URINE (SPOT / RANDOM),BIOCHEMISTRY,BLOOD,2000,3 to 4 days,,24 hours urine in a bottle or first morning uri,Microalbumin Urine,mg/g,<30,,,,,,,,,,,,,,,,,,,,,,,,,,,,,,,,,,,,,,,,,,,,,,,,,,,,,,,,,,,,,,,,,,,,,,,,,,,,,,,,,,,,,,,
LAB092,LIPASE,BIOCHEMISTRY,BLOOD,1500,4 WORKING DAYS,,3 cc clotted blood or serum,Lipase,U/L,0-160,,,,,,,,,,,,,,,,,,,,,,,,,,,,,,,,,,,,,,,,,,,,,,,,,,,,,,,,,,,,,,,,,,,,,,,,,,,,,,,,,,,,,,,
LAB093,FOLIC ACID (FOLATE LEVEL),BIOCHEMISTRY,BLOOD,2500,4 TO 5 WORKING DAY,,clotted blood or serum,Folic Acid,ng/mL,2-20,,,,,,,,,,,,,,,,,,,,,,,,,,,,,,,,,,,,,,,,,,,,,,,,,,,,,,,,,,,,,,,,,,,,,,,,,,,,,,,,,,,,,,,
LAB094,HAV ( IGM ),IMMUNOLOGY,BLOOD,2500,5 TO 6 WORKING DAY,,3 CC CLOTTED BLOOD OR SERUM,HAV IgM,,Negative,,,,,,,,,,,,,,,,,,,,,,,,,,,,,,,,,,,,,,,,,,,,,,,,,,,,,,,,,,,,,,,,,,,,,,,,,,,,,,,,,,,,,,,
LAB095,HB ELECTROPHORESIS,BIOCHEMISTRY,BLOOD,3000,14 WORKING DAYS,,3 cc blood in CBC TUBE,Hb Electrophoresis,,Normal,,,,,,,,,,,,,,,,,,,,,,,,,,,,,,,,,,,,,,,,,,,,,,,,,,,,,,,,,,,,,,,,,,,,,,,,,,,,,,,,,,,,,,,
LAB096,MAGNESIUM,BIOCHEMISTRY,BLOOD,1200,4 TO 5 WORKING DAY,,3 CC CLOTEED BLOOD OR SERUM,Magnesium,mg/dL,1.7-2.2,,,,,,,,,,,,,,,,,,,,,,,,,,,,,,,,,,,,,,,,,,,,,,,,,,,,,,,,,,,,,,,,,,,,,,,,,,,,,,,,,,,,,,,
LAB097,ANTI TISSUE TRANSGLUTAMINASE IGG (TTG),IMMUNOLOGY,BLOOD,3000,5 TO 6 WORKING DAY,,3 TO 5 CC CLOTTED BLOOD OR SERUM,Anti TTG IgG,U/mL,<20,,,,,,,,,,,,,,,,,,,,,,,,,,,,,,,,,,,,,,,,,,,,,,,,,,,,,,,,,,,,,,,,,,,,,,,,,,,,,,,,,,,,,,,
LAB098,HBeAg,IMMUNOLOGY,BLOOD,2000,5 TO 7 WORKING DAY,,3CC CLotted blood or serum,HBeAg,,Negative,,,,,,,,,,,,,,,,,,,,,,,,,,,,,,,,,,,,,,,,,,,,,,,,,,,,,,,,,,,,,,,,,,,,,,,,,,,,,,,,,,,,,,,
LAB099,INTACT  PTH,BIOCHEMISTRY,BLOOD,3000,5 WORKING DAYS,,serum,PTH,pg/mL,10-65,,,,,,,,,,,,,,,,,,,,,,,,,,,,,,,,,,,,,,,,,,,,,,,,,,,,,,,,,,,,,,,,,,,,,,,,,,,,,,,,,,,,,,,
LAB100,TOTAL BETA HCG (CLIA),BIOCHEMISTRY,BLOOD,1500,6 HOURS,,3 cc clotted blood orserum,Beta hCG,mIU/mL,Non-pregnant:<5,,,,,,,,,,,,,,,,,,,,,,,,,,,,,,,,,,,,,,,,,,,,,,,,,,,,,,,,,,,,,,,,,,,,,,,,,,,,,,,,,,,,,,,
LAB101,TROPONIN -T,BIOCHEMISTRY,BLOOD,2500,4 HOURS,,whole blood or cbc vial,Troponin T,ng/mL,<0.01,,,,,,,,,,,,,,,,,,,,,,,,,,,,,,,,,,,,,,,,,,,,,,,,,,,,,,,,,,,,,,,,,,,,,,,,,,,,,,,,,,,,,,,
LAB102,CARDIAC ENZYMES,BIOCHEMISTRY,BLOOD,2500,4 TO 5 WORKING DAY,,3 cc clotted blood or serum,Troponin I,ng/mL,< 0.04,Troponin T,ng/mL,< 0.01,Creatine Kinase-MB (CK-MB),ng/mL,0 – 5,Lactate Dehydrogenase (LDH),U/L,140 – 280,International Normalized Ratio (INR),Ratio,0.8 – 1.1,,,,,,,,,,,,,,,,,,,,,,,,,,,,,,,,,,,,,,,,,,,,,,,,,,,,,,,,,,,,,,,,,,,,,,,,,,,
LAB103,TORCH PROFILE (IgG & IgM),BIOCHEMISTRY,BLOOD,10000,6 TO 7 WORKING DAY,,3 CC CLOTTED BLOOD OR SERUM,TORCH Profile,,Negative,,,,,,,,,,,,,,,,,,,,,,,,,,,,,,,,,,,,,,,,,,,,,,,,,,,,,,,,,,,,,,,,,,,,,,,,,,,,,,,,,,,,,,,
LAB104,TIBC,BIOCHEMISTRY,BLOOD,1400,5 WORKING DAYS,,serum,TIBC,mcg/dL,250-450,,,,,,,,,,,,,,,,,,,,,,,,,,,,,,,,,,,,,,,,,,,,,,,,,,,,,,,,,,,,,,,,,,,,,,,,,,,,,,,,,,,,,,,
LAB105,EGFR GLOMERULAR FILTRATION RATE,BIOCHEMISTRY,BLOOD,1000,4 TO 5 WORKING DAY,,clotted blood or serum,eGFR,mL/min/1.73m2,>90,,,,,,,,,,,,,,,,,,,,,,,,,,,,,,,,,,,,,,,,,,,,,,,,,,,,,,,,,,,,,,,,,,,,,,,,,,,,,,,,,,,,,,,
LAB106,H PYLORI IGA CHEMILUMINISCENCE,IMMUNOLOGY,BLOOD,1700,1 OR 2 DAYS,,3 CC CLOTTED BLOOD OR SERUM,H. pylori IgA,,Negative,,,,,,,,,,,,,,,,,,,,,,,,,,,,,,,,,,,,,,,,,,,,,,,,,,,,,,,,,,,,,,,,,,,,,,,,,,,,,,,,,,,,,,,
LAB107,HDL ( GOOD CHOLESTROL ),BIOCHEMISTRY,BLOOD,600,2 HOURS,,clotted blood serum,HDL,mg/dL,>40,,,,,,,,,,,,,,,,,,,,,,,,,,,,,,,,,,,,,,,,,,,,,,,,,,,,,,,,,,,,,,,,,,,,,,,,,,,,,,,,,,,,,,,
LAB108,CPK,BIOCHEMISTRY,BLOOD,1200,4 TO 5 WORKING DAY,,CLOTTED BLOOD OR SERUM,CPK,U/L,20-200,,,,,,,,,,,,,,,,,,,,,,,,,,,,,,,,,,,,,,,,,,,,,,,,,,,,,,,,,,,,,,,,,,,,,,,,,,,,,,,,,,,,,,,
LAB109,INSULIN,BIOCHEMISTRY,BLOOD,2000,5 TO 7 WORKING DAY,,clotted blood or serum,Insulin,mcIU/mL,2-25,,,,,,,,,,,,,,,,,,,,,,,,,,,,,,,,,,,,,,,,,,,,,,,,,,,,,,,,,,,,,,,,,,,,,,,,,,,,,,,,,,,,,,,
LAB110,CEA,BIOCHEMISTRY,BLOOD,3000,5 TO 7 WORKING DAY,,3 CC CLOTTED BLOOD OR SERUM,CEA,ng/mL,<5,,,,,,,,,,,,,,,,,,,,,,,,,,,,,,,,,,,,,,,,,,,,,,,,,,,,,,,,,,,,,,,,,,,,,,,,,,,,,,,,,,,,,,,
LAB111,BLOOD CULTURE FOR TYPHOID FEVER,MICROBIOLOGY,BLOOD,2500,5 TO 6 WORKING DAY,,(5 ML BLOOD)for adults in ADULT VIAL and ,Blood Culture,,No Growth,,,,,,,,,,,,,,,,,,,,,,,,,,,,,,,,,,,,,,,,,,,,,,,,,,,,,,,,,,,,,,,,,,,,,,,,,,,,,,,,,,,,,,,
LAB112,LDL DIRECT,BIOCHEMISTRY,BLOOD,600,2 HOURS,,clotted blood serum,LDL Direct,mg/dL,<100,,,,,,,,,,,,,,,,,,,,,,,,,,,,,,,,,,,,,,,,,,,,,,,,,,,,,,,,,,,,,,,,,,,,,,,,,,,,,,,,,,,,,,,
LAB113,HCV PCR QUALITATIVE,IMMUNOLOGY,BLOOD,3500,6 TO 7 WORKING DAY,,3 CC CLOTTED BLOOD OR SERUM,HCV PCR,,Not Detected,,,,,,,,,,,,,,,,,,,,,,,,,,,,,,,,,,,,,,,,,,,,,,,,,,,,,,,,,,,,,,,,,,,,,,,,,,,,,,,,,,,,,,,
LAB114,TROPONIN -I,BIOCHEMISTRY,BLOOD,2000,3 TO 4 WORKING DAY,,3 cc Edta blood ( cbc vial ),Troponin I,ng/mL,<0.04,,,,,,,,,,,,,,,,,,,,,,,,,,,,,,,,,,,,,,,,,,,,,,,,,,,,,,,,,,,,,,,,,,,,,,,,,,,,,,,,,,,,,,,
LAB115,POTASSIUM ( K+ ),BIOCHEMISTRY,BLOOD,1000,3 WORKING DAYS,,3 CC CLOTTED BLOOD OR SERUM,Potassium,mmol/L,3.5-5.0,,,,,,,,,,,,,,,,,,,,,,,,,,,,,,,,,,,,,,,,,,,,,,,,,,,,,,,,,,,,,,,,,,,,,,,,,,,,,,,,,,,,,,,
LAB116,HAV IGG,IMMUNOLOGY,BLOOD,2500,5 TO 6 WORKING DAY,,3 CC CLOTTED BLOOD OR SERUM,HAV IgG,,Negative/Immune,,,,,,,,,,,,,,,,,,,,,,,,,,,,,,,,,,,,,,,,,,,,,,,,,,,,,,,,,,,,,,,,,,,,,,,,,,,,,,,,,,,,,,,
LAB117,DHEA SO4,BIOCHEMISTRY,BLOOD,2500,4 TO 5 WORKING DAY,,3 TO 5 CC CLOTTED BLOOD OR SERUM,DHEA-S,mcg/dL,80-560,,,,,,,,,,,,,,,,,,,,,,,,,,,,,,,,,,,,,,,,,,,,,,,,,,,,,,,,,,,,,,,,,,,,,,,,,,,,,,,,,,,,,,,
LAB118,CORTISOL (AM),BIOCHEMISTRY,BLOOD,2500,7 TO 8 WORKING DAY,,CLOTTED BLOOD OR SERUM,Cortisol AM,mcg/dL,5-25,,,,,,,,,,,,,,,,,,,,,,,,,,,,,,,,,,,,,,,,,,,,,,,,,,,,,,,,,,,,,,,,,,,,,,,,,,,,,,,,,,,,,,,
LAB119,HIV (ELISA METHOD),IMMUNOLOGY,BLOOD,2000,4 TO 5 WORKING DAY,,CLOTTED BLOOD OR SERUM,HIV ELISA,,Negative,,,,,,,,,,,,,,,,,,,,,,,,,,,,,,,,,,,,,,,,,,,,,,,,,,,,,,,,,,,,,,,,,,,,,,,,,,,,,,,,,,,,,,,
LAB120,CORTISOL (PM),BIOCHEMISTRY,BLOOD,2500,7 TO 8 WORKING DAY,,CLOTTED BLOOD OR SERUM,Cortisol PM,mcg/dL,2-14,,,,,,,,,,,,,,,,,,,,,,,,,,,,,,,,,,,,,,,,,,,,,,,,,,,,,,,,,,,,,,,,,,,,,,,,,,,,,,,,,,,,,,,
LAB121,ANTI CCP PROFILE,IMMUNOLOGY,BLOOD,2500,5 to 6 days,,3 CC CLOTTED BLOOD OR SERUM,Anti-CCP Profile,,Negative,,,,,,,,,,,,,,,,,,,,,,,,,,,,,,,,,,,,,,,,,,,,,,,,,,,,,,,,,,,,,,,,,,,,,,,,,,,,,,,,,,,,,,,
LAB122,ANTI HEV IgM ELISA,IMMUNOLOGY,BLOOD,2000,4 TO 5 WORKING DAY,,CLOTTED BLOOD OR SERUM,Anti HEV IgM,,Negative,,,,,,,,,,,,,,,,,,,,,,,,,,,,,,,,,,,,,,,,,,,,,,,,,,,,,,,,,,,,,,,,,,,,,,,,,,,,,,,,,,,,,,,
LAB123,SEMEN CULTURE AND SENSITIVITY,MICROBIOLOGY,SEMEN,2500,4 TO 5 WORKING DAY,,FRESH SEMEN IN STERLIZED CONTAINER,Semen Culture,,No Growth,,,,,,,,,,,,,,,,,,,,,,,,,,,,,,,,,,,,,,,,,,,,,,,,,,,,,,,,,,,,,,,,,,,,,,,,,,,,,,,,,,,,,,,
LAB124,ANTI PHOSPHOLIPID IGM,IMMUNOLOGY,BLOOD,2700,5 TO 6 WORKING DAY,,3 TO 5 CC CLOTTED BLOOD OR SERUM,Antiphospholipid IgM,U/mL,<20,,,,,,,,,,,,,,,,,,,,,,,,,,,,,,,,,,,,,,,,,,,,,,,,,,,,,,,,,,,,,,,,,,,,,,,,,,,,,,,,,,,,,,,
LAB125,TPHA ELISA,BIOCHEMISTRY,BLOOD,2500,4 TO 5 WORKING DAY,,3CC CLOTTED BLOOD OR SERUM,TPHA,,Negative,,,,,,,,,,,,,,,,,,,,,,,,,,,,,,,,,,,,,,,,,,,,,,,,,,,,,,,,,,,,,,,,,,,,,,,,,,,,,,,,,,,,,,,
LAB126,ANA ( SCREENING ),BIOCHEMISTRY,BLOOD,1200,4 TO 5 WORKING DAY,,CLOTTED BLOOD OR SERUM,ANA Screening,,Negative,,,,,,,,,,,,,,,,,,,,,,,,,,,,,,,,,,,,,,,,,,,,,,,,,,,,,,,,,,,,,,,,,,,,,,,,,,,,,,,,,,,,,,,
LAB127,ANTI PHOSPHOLIPID IGG,BIOCHEMISTRY,BLOOD,2700,5 TO 6 WORKING DAY,,3 TO 5 CC CLOTTED BLOOD OR SERUM,Antiphospholipid IgG,U/mL,<20,,,,,,,,,,,,,,,,,,,,,,,,,,,,,,,,,,,,,,,,,,,,,,,,,,,,,,,,,,,,,,,,,,,,,,,,,,,,,,,,,,,,,,,
LAB128,GAMMA GT,BIOCHEMISTRY,BLOOD,600,4 TO 5 HOURS,,3 cc clotted blood or serum,GGT,U/L,9-48,,,,,,,,,,,,,,,,,,,,,,,,,,,,,,,,,,,,,,,,,,,,,,,,,,,,,,,,,,,,,,,,,,,,,,,,,,,,,,,,,,,,,,,
LAB129,C PEPTIDE LEVEL,BIOCHEMISTRY,BLOOD,3000,4 TO 5 WORKING DAY,,3CC CLOTTED BLOOD OR SERUM,C-Peptide,ng/mL,0.5-2.0,,,,,,,,,,,,,,,,,,,,,,,,,,,,,,,,,,,,,,,,,,,,,,,,,,,,,,,,,,,,,,,,,,,,,,,,,,,,,,,,,,,,,,,
LAB130,TORCH PROFILE (IgM),BIOCHEMISTRY,BLOOD,5000,6 TO 7 WORKING DAY,,3 CC CLOTTED BLOOD OR SERUM,TORCH IgM,,Negative,,,,,,,,,,,,,,,,,,,,,,,,,,,,,,,,,,,,,,,,,,,,,,,,,,,,,,,,,,,,,,,,,,,,,,,,,,,,,,,,,,,,,,,
LAB131,TROPONIN I ICT METHOD,BIOCHEMISTRY,BLOOD,1400,4 TO 5 HOURS,,3 CC CLOTTED BLOOD OR SERUM,Troponin I (ICT),,Negative,,,,,,,,,,,,,,,,,,,,,,,,,,,,,,,,,,,,,,,,,,,,,,,,,,,,,,,,,,,,,,,,,,,,,,,,,,,,,,,,,,,,,,,
LAB132,Anti HBe,BIOCHEMISTRY,BLOOD,2000,5 TO 7 WORKING DAY,,3 cc clotted blood or serum,Anti-HBe,,Negative,,,,,,,,,,,,,,,,,,,,,,,,,,,,,,,,,,,,,,,,,,,,,,,,,,,,,,,,,,,,,,,,,,,,,,,,,,,,,,,,,,,,,,,
LAB133,URINARY PROTEIN,BIOCHEMISTRY,BLOOD,1200,5 WORKING DAYS,,24 hours urine collection in large bottle,Urinary Protein,mg/dL,<150/day,,,,,,,,,,,,,,,,,,,,,,,,,,,,,,,,,,,,,,,,,,,,,,,,,,,,,,,,,,,,,,,,,,,,,,,,,,,,,,,,,,,,,,,
LAB134,Anti Ds DNA,BIOCHEMISTRY,BLOOD,2500,5 TO 6 WORKING DAY,,3 TO 5 CC CLOTTED BLOOD OR SERUM,Anti-dsDNA,IU/mL,<30,,,,,,,,,,,,,,,,,,,,,,,,,,,,,,,,,,,,,,,,,,,,,,,,,,,,,,,,,,,,,,,,,,,,,,,,,,,,,,,,,,,,,,,
LAB135,CK MB,BIOCHEMISTRY,BLOOD,1200,4 TO 5 WORKING DAY,,CLOTTED BLOOD OR SERUM,CK-MB,U/L,<25,,,,,,,,,,,,,,,,,,,,,,,,,,,,,,,,,,,,,,,,,,,,,,,,,,,,,,,,,,,,,,,,,,,,,,,,,,,,,,,,,,,,,,,
LAB136,RUBELLA ( IgG ),BIOCHEMISTRY,BLOOD,1200,7 TO 8 WORKING DAY,,clotted blood or serum,Rubella IgG,,Positive/Immune,,,,,,,,,,,,,,,,,,,,,,,,,,,,,,,,,,,,,,,,,,,,,,,,,,,,,,,,,,,,,,,,,,,,,,,,,,,,,,,,,,,,,,,
LAB137,PROTEIN ( SPOT URINE),BIOCHEMISTRY,URINE,1200,4 TO 5 WORKING DAY,,urine (random/ spot ),Protein (Urine Spot),mg/dL,<150,,,,,,,,,,,,,,,,,,,,,,,,,,,,,,,,,,,,,,,,,,,,,,,,,,,,,,,,,,,,,,,,,,,,,,,,,,,,,,,,,,,,,,,
LAB138,ALBUMIN / CREATININE RATIO,BIOCHEMISTRY,URINE,2500,4 TO 5 DAYS,,URINE,Albumin/Creatinine Ratio,mg/g,<30,,,,,,,,,,,,,,,,,,,,,,,,,,,,,,,,,,,,,,,,,,,,,,,,,,,,,,,,,,,,,,,,,,,,,,,,,,,,,,,,,,,,,,,
LAB139,LUPUS ANTICOAGULANT ABS,BIOCHEMISTRY,BLOOD,6000,5 TO 6 DAYUS,,serum and sodium citrate ( pt vial),Lupus Anticoagulant,,Negative,,,,,,,,,,,,,,,,,,,,,,,,,,,,,,,,,,,,,,,,,,,,,,,,,,,,,,,,,,,,,,,,,,,,,,,,,,,,,,,,,,,,,,,
LAB140,PROTEIN/CREATINIE RATIO SPOT URINARY,BIOCHEMISTRY,URINE,2500,3 TO 4 WORKING DAY,,FRESH URINE,Protein/Creatinine Ratio,mg/g,<200,,,,,,,,,,,,,,,,,,,,,,,,,,,,,,,,,,,,,,,,,,,,,,,,,,,,,,,,,,,,,,,,,,,,,,,,,,,,,,,,,,,,,,,
LAB141,CA-19-9,BIOCHEMISTRY,BLOOD,2200,4 TO 5 WORKING DAY,,3 TO 5 CC CLOTTED BLOOD OR SERUM,CA 19-9,U/mL,<37,,,,,,,,,,,,,,,,,,,,,,,,,,,,,,,,,,,,,,,,,,,,,,,,,,,,,,,,,,,,,,,,,,,,,,,,,,,,,,,,,,,,,,,
LAB142,RETICULOCYTES,BIOCHEMISTRY,BLOOD,1200,5 TO 6 WORKING DAY,,whole blood in cbc tube,Reticulocytes,%,0.5-2.5,,,,,,,,,,,,,,,,,,,,,,,,,,,,,,,,,,,,,,,,,,,,,,,,,,,,,,,,,,,,,,,,,,,,,,,,,,,,,,,,,,,,,,,
LAB143,ACTH,BIOCHEMISTRY,BLOOD,2500,6 WORKING DAYS,,CLOTTED BLOOD OR SERUM,ACTH,pg/mL,10-60,,,,,,,,,,,,,,,,,,,,,,,,,,,,,,,,,,,,,,,,,,,,,,,,,,,,,,,,,,,,,,,,,,,,,,,,,,,,,,,,,,,,,,,
LAB144,Brucella ( IgG ),BIOCHEMISTRY,BLOOD,1200,4 TO 5 WORKING DAY,,CLOTTED BLOOD OR SERUM,Brucella IgG,,Negative,,,,,,,,,,,,,,,,,,,,,,,,,,,,,,,,,,,,,,,,,,,,,,,,,,,,,,,,,,,,,,,,,,,,,,,,,,,,,,,,,,,,,,,
LAB145,Brucella ( IgM ),BIOCHEMISTRY,BLOOD,1200,4 TO 5 WORKING DAY,,3 CC CLOTTED BLOOD OR SERUM,Brucella IgM,,Negative,,,,,,,,,,,,,,,,,,,,,,,,,,,,,,,,,,,,,,,,,,,,,,,,,,,,,,,,,,,,,,,,,,,,,,,,,,,,,,,,,,,,,,,
LAB146,Toxoplasma ( lgG ),BIOCHEMISTRY,BLOOD,1200,7 TO 8 WORKING DAY,,clotted blood or serum,Toxoplasma IgG,,Negative,,,,,,,,,,,,,,,,,,,,,,,,,,,,,,,,,,,,,,,,,,,,,,,,,,,,,,,,,,,,,,,,,,,,,,,,,,,,,,,,,,,,,,,
LAB147,TOXOPLASMA ( IgM ),BIOCHEMISTRY,BLOOD,1200,7 TO 8 WORKING DAY,,clotted blood or serum,Toxoplasma IgM,,Negative,,,,,,,,,,,,,,,,,,,,,,,,,,,,,,,,,,,,,,,,,,,,,,,,,,,,,,,,,,,,,,,,,,,,,,,,,,,,,,,,,,,,,,,
LAB148,RUBELLA ( IgM ),BIOCHEMISTRY,BLOOD,1200,7 TO 8 WORKING DAY,,clotted blood or serum,Rubella IgM,,Negative,,,,,,,,,,,,,,,,,,,,,,,,,,,,,,,,,,,,,,,,,,,,,,,,,,,,,,,,,,,,,,,,,,,,,,,,,,,,,,,,,,,,,,,
LAB149,TORCH PROFILE (IgG),BIOCHEMISTRY,BLOOD,5000,6 TO 7 WORKING DAY,,3 CC CLOTTED BLOOD OR SERUM,TORCH IgG,,Negative/Immune,,,,,,,,,,,,,,,,,,,,,,,,,,,,,,,,,,,,,,,,,,,,,,,,,,,,,,,,,,,,,,,,,,,,,,,,,,,,,,,,,,,,,,,
LAB150,ANTI HEV IGG ELISA,BIOCHEMISTRY,BLOOD,2000,5 TO 6 WORKING DAY,,3 CC CLOTTED BLOOD OR SERUM,Anti HEV IgG,,Negative,,,,,,,,,,,,,,,,,,,,,,,,,,,,,,,,,,,,,,,,,,,,,,,,,,,,,,,,,,,,,,,,,,,,,,,,,,,,,,,,,,,,,,,
LAB151,ZINC LEVEL,BIOCHEMISTRY,BLOOD,3000,4 TO 6 WORKING DAY,,3 cc clotted blood or serum,Zinc,mcg/dL,70-120,,,,,,,,,,,,,,,,,,,,,,,,,,,,,,,,,,,,,,,,,,,,,,,,,,,,,,,,,,,,,,,,,,,,,,,,,,,,,,,,,,,,,,,
LAB152,THYROID PEROXIDASE ANTIBODIES (TPO),BIOCHEMISTRY,BLOOD,3500,5 TO 7 WORKING DAY,,clotted blood or serum,TPO Antibodies,IU/mL,<35,,,,,,,,,,,,,,,,,,,,,,,,,,,,,,,,,,,,,,,,,,,,,,,,,,,,,,,,,,,,,,,,,,,,,,,,,,,,,,,,,,,,,,,
LAB153,C3 Complement level 3,IMMUNOLOGY,BLOOD,1500,4 TO 5 WORKING DAY,,3cc clotted blood or serum,C3,mg/dL,90-180,,,,,,,,,,,,,,,,,,,,,,,,,,,,,,,,,,,,,,,,,,,,,,,,,,,,,,,,,,,,,,,,,,,,,,,,,,,,,,,,,,,,,,,
LAB154,C4 COMPLEMENT LEVEL 4,IMMUNOLOGY,BLOOD,1500,4 TO 5 WORKING DAY,,3 cc clotted blood or serum,C4,mg/dL,10-40,,,,,,,,,,,,,,,,,,,,,,,,,,,,,,,,,,,,,,,,,,,,,,,,,,,,,,,,,,,,,,,,,,,,,,,,,,,,,,,,,,,,,,,
LAB155,ANA PROFILE,IMMUNOLOGY,BLOOD,8000,4 TO 5 DAYS,,3 TO 5 CC CLOTTED BLOOD OR SERUM,ANA Profile,,Negative,,,,,,,,,,,,,,,,,,,,,,,,,,,,,,,,,,,,,,,,,,,,,,,,,,,,,,,,,,,,,,,,,,,,,,,,,,,,,,,,,,,,,,,
LAB156,RH ANTIBODIES TITRE,BIOCHEMISTRY,BLOOD,3000,4 WORKING DAYS,,3 CC CLOTTED BLOOD OR SERUM,RH Antibodies,,Negative,,,,,,,,,,,,,,,,,,,,,,,,,,,,,,,,,,,,,,,,,,,,,,,,,,,,,,,,,,,,,,,,,,,,,,,,,,,,,,,,,,,,,,,
LAB157,GROWTH HORMONE,BIOCHEMISTRY,BLOOD,2500,5 TO 6 WORKING DAY,,3 CC CLOTTED BLOOD OR SERUM,Growth Hormone,ng/mL,<5,,,,,,,,,,,,,,,,,,,,,,,,,,,,,,,,,,,,,,,,,,,,,,,,,,,,,,,,,,,,,,,,,,,,,,,,,,,,,,,,,,,,,,,
LAB158,HBV PCR QUALITATIVE,BIOCHEMISTRY,BLOOD,4000,5 TO 6 WORKING DAY,,3CC CLOTTED BLOOD OR SERUM,HBV PCR,,Not Detected,,,,,,,,,,,,,,,,,,,,,,,,,,,,,,,,,,,,,,,,,,,,,,,,,,,,,,,,,,,,,,,,,,,,,,,,,,,,,,,,,,,,,,,
LAB159,URINE FOR TLC,BIOCHEMISTRY,URINE,8000,5 TO 6 WORKING DAY,,FRESH URINE,Urine TLC,cells/HPF,0-5,,,,,,,,,,,,,,,,,,,,,,,,,,,,,,,,,,,,,,,,,,,,,,,,,,,,,,,,,,,,,,,,,,,,,,,,,,,,,,,,,,,,,,,
LAB160,PHOSPHATASE,BIOCHEMISTRY,BLOOD,800,3 TO 4 HORS,,3CC CLOTTED BLOOD OR SERUM,Phosphatase,U/L,44-147,,,,,,,,,,,,,,,,,,,,,,,,,,,,,,,,,,,,,,,,,,,,,,,,,,,,,,,,,,,,,,,,,,,,,,,,,,,,,,,,,,,,,,,
LAB161,FREE TESTOSTERONE,BIOCHEMISTRY,BLOOD,1500,4 TO 5 WORKING DAY,,clotted blood or serum,Free Testosterone,pg/mL,5-25,,,,,,,,,,,,,,,,,,,,,,,,,,,,,,,,,,,,,,,,,,,,,,,,,,,,,,,,,,,,,,,,,,,,,,,,,,,,,,,,,,,,,,,
LAB162,COOMBS TEST (INDIRECT),BIOCHEMISTRY,BLOOD,2000,4 TO 5 WORKING DAY,,3cc clotted blood or serum,Coombs Indirect,,Negative,,,,,,,,,,,,,,,,,,,,,,,,,,,,,,,,,,,,,,,,,,,,,,,,,,,,,,,,,,,,,,,,,,,,,,,,,,,,,,,,,,,,,,,
LAB163,CREATININE URINE SPOT/ RANDOM,BIOCHEMISTRY,URINE,1400,4 TO 5 WORKING DAY,,urine ( random / spot ),Urine Creatinine,mg/dL,20-275,,,,,,,,,,,,,,,,,,,,,,,,,,,,,,,,,,,,,,,,,,,,,,,,,,,,,,,,,,,,,,,,,,,,,,,,,,,,,,,,,,,,,,,
LAB164,ANTI MITRCHONDRIAL ANTIBODIES,BIOCHEMISTRY,BLOOD,2000,4 TO 5 WORKING DAY,,3 TO 5 CC  CLOTTED BLOOD OR SERUM,Anti-Mitochondrial Ab,,Negative,,,,,,,,,,,,,,,,,,,,,,,,,,,,,,,,,,,,,,,,,,,,,,,,,,,,,,,,,,,,,,,,,,,,,,,,,,,,,,,,,,,,,,,
LAB165,COOMBS TEST (DIRECT),IMMUNOLOGY,BLOOD,2000,4 TO 5 WORKING DAY,,3cc clotted blood or serum,Coombs Direct,,Negative,,,,,,,,,,,,,,,,,,,,,,,,,,,,,,,,,,,,,,,,,,,,,,,,,,,,,,,,,,,,,,,,,,,,,,,,,,,,,,,,,,,,,,,
LAB166,ANTI RNP /SM,BIOCHEMISTRY,BLOOD,2000,4 TO 5 WORKING DAY,,3 cc clotted blood or serum,Anti RNP/Sm,,Negative,,,,,,,,,,,,,,,,,,,,,,,,,,,,,,,,,,,,,,,,,,,,,,,,,,,,,,,,,,,,,,,,,,,,,,,,,,,,,,,,,,,,,,,
LAB167,HERPRES ( IgM ),BIOCHEMISTRY,BLOOD,1000,7 TO 8 WORKING DAY,,clotted blood or serum,Herpes IgM,,Negative,,,,,,,,,,,,,,,,,,,,,,,,,,,,,,,,,,,,,,,,,,,,,,,,,,,,,,,,,,,,,,,,,,,,,,,,,,,,,,,,,,,,,,,
LAB168,CMV ( IgM ),BIOCHEMISTRY,BLOOD,1200,7 TO 8 WORKING DAY,,clotted blood or serum,CMV IgM,,Negative,,,,,,,,,,,,,,,,,,,,,,,,,,,,,,,,,,,,,,,,,,,,,,,,,,,,,,,,,,,,,,,,,,,,,,,,,,,,,,,,,,,,,,,
LAB169,SODIUM ( NA + ),BIOCHEMISTRY,BLOOD,800,3 WORKING DAYS,,3 cc clotted blood or serum,Sodium,mmol/L,135-145,,,,,,,,,,,,,,,,,,,,,,,,,,,,,,,,,,,,,,,,,,,,,,,,,,,,,,,,,,,,,,,,,,,,,,,,,,,,,,,,,,,,,,,
LAB170,ALDOSTERONE,BIOCHEMISTRY,BLOOD,2500,5 TO 6 WORKING DAY,,clotted blood or serum or if get sample in cb,Aldosterone,ng/dL,4-31,,,,,,,,,,,,,,,,,,,,,,,,,,,,,,,,,,,,,,,,,,,,,,,,,,,,,,,,,,,,,,,,,,,,,,,,,,,,,,,,,,,,,,,
LAB171,MTB DNA BY REAL TIME PCR QUANTITATIVE,BIOCHEMISTRY,SPUTUM,10000,12 to 15 days,,SPUTUM & SERUM,MTB DNA PCR,copies/mL,Not Detected,,,,,,,,,,,,,,,,,,,,,,,,,,,,,,,,,,,,,,,,,,,,,,,,,,,,,,,,,,,,,,,,,,,,,,,,,,,,,,,,,,,,,,,
LAB172,DENGUE IGG ELISA METHOD,IMMUNOLOGY,BLOOD,1500,4 TO 5 DAYS,,3 TO 5CC CLOTED BLOOD OR SERUM,Dengue IgG ELISA,,Negative,,,,,,,,,,,,,,,,,,,,,,,,,,,,,,,,,,,,,,,,,,,,,,,,,,,,,,,,,,,,,,,,,,,,,,,,,,,,,,,,,,,,,,,
LAB173,DENGUE IGM ELISA METHOD,IMMUNOLOGY,BLOOD,1500,4 TO 5 DAYS,,3 TO 5 CC CLOTTED BLOOD OR SERUM,Dengue IgM ELISA,,Negative,,,,,,,,,,,,,,,,,,,,,,,,,,,,,,,,,,,,,,,,,,,,,,,,,,,,,,,,,,,,,,,,,,,,,,,,,,,,,,,,,,,,,,,
LAB174,AMMONIA (NH3),BIOCHEMISTRY,BLOOD,1500,5 TO 6 WORKING DAY,,3CC EDTA BLOOD (CBC VIAL) seprate plasm,Ammonia,mcmol/L,15-45,,,,,,,,,,,,,,,,,,,,,,,,,,,,,,,,,,,,,,,,,,,,,,,,,,,,,,,,,,,,,,,,,,,,,,,,,,,,,,,,,,,,,,,
LAB175,ANTII HDV,BIOCHEMISTRY,BLOOD,2000,5 TO 6 WORKING DAY,,3 CC CLOTTED BLOOD OR SERUM,Anti HDV,,Negative,,,,,,,,,,,,,,,,,,,,,,,,,,,,,,,,,,,,,,,,,,,,,,,,,,,,,,,,,,,,,,,,,,,,,,,,,,,,,,,,,,,,,,,
LAB176,CMP (COMPREHENSIVE METABOLIC PANEL),BIOCHEMISTRY,BLOOD,2000,SAME DAY 6 HOURS,,3CC SERUM OR FLUORIDE SAMPLE,CMP,,See individual parameters,,,,,,,,,,,,,,,,,,,,,,,,,,,,,,,,,,,,,,,,,,,,,,,,,,,,,,,,,,,,,,,,,,,,,,,,,,,,,,,,,,,,,,,
LAB177,GLOBULIN,BIOCHEMISTRY,BLOOD,400,4 HOURS,,3CC CLOTTED BLOOD OR SERUM,Globulin,g/dL,2-3.5,,,,,,,,,,,,,,,,,,,,,,,,,,,,,,,,,,,,,,,,,,,,,,,,,,,,,,,,,,,,,,,,,,,,,,,,,,,,,,,,,,,,,,,
LAB178,BILE SALT,BIOCHEMISTRY,URINE,1400,3 TO 4 DAYS,,FRESH URINE,Bile Salt,,Negative,,,,,,,,,,,,,,,,,,,,,,,,,,,,,,,,,,,,,,,,,,,,,,,,,,,,,,,,,,,,,,,,,,,,,,,,,,,,,,,,,,,,,,,
LAB179,BICARBONATE (HCO3),BIOCHEMISTRY,BLOOD,1400,5 to 6 days,,clotted blood or serum,Bicarbonate,mmol/L,22-28,,,,,,,,,,,,,,,,,,,,,,,,,,,,,,,,,,,,,,,,,,,,,,,,,,,,,,,,,,,,,,,,,,,,,,,,,,,,,,,,,,,,,,,
LAB180,ANTI TISSUE TRANSGLUTAMINASE IGM (TTG),BIOCHEMISTRY,BLOOD,3000,4 to 5 days,,3 cc clotted blood or serum,Anti TTG IgM,U/mL,<20,,,,,,,,,,,,,,,,,,,,,,,,,,,,,,,,,,,,,,,,,,,,,,,,,,,,,,,,,,,,,,,,,,,,,,,,,,,,,,,,,,,,,,,
LAB181,BILE ACID SERUM,BIOCHEMISTRY,BLOOD,3500,4 TO 5 DAYS,,3 TO 5 CC CLOTTED BLOOD OR SERUM,Bile Acid,mcmol/L,0-10,,,,,,,,,,,,,,,,,,,,,,,,,,,,,,,,,,,,,,,,,,,,,,,,,,,,,,,,,,,,,,,,,,,,,,,,,,,,,,,,,,,,,,,
LAB182,PROBNP,BIOCHEMISTRY,BLOOD,3000,5 to 6 Days,,HEPERNIZED TUBE GREEN TOP .also clotted ,ProBNP,pg/mL,<125,,,,,,,,,,,,,,,,,,,,,,,,,,,,,,,,,,,,,,,,,,,,,,,,,,,,,,,,,,,,,,,,,,,,,,,,,,,,,,,,,,,,,,,
LAB183,LACTATE LEVEL BLOOD,BIOCHEMISTRY,BLOOD,2000,4 TO 5 DAYS,,SODIUM FLUORIDE VIAL,Lactate,mmol/L,0.5-2.2,,,,,,,,,,,,,,,,,,,,,,,,,,,,,,,,,,,,,,,,,,,,,,,,,,,,,,,,,,,,,,,,,,,,,,,,,,,,,,,,,,,,,,,
LAB184,HLA B27,BIOCHEMISTRY,BLOOD,14000,13 TO 14 DAYS,,3CC IN CBC VIAL AND 3 CC IN CLOTTED VIA,HLA-B27,,Negative,,,,,,,,,,,,,,,,,,,,,,,,,,,,,,,,,,,,,,,,,,,,,,,,,,,,,,,,,,,,,,,,,,,,,,,,,,,,,,,,,,,,,,,
LAB185,HBEAB,BIOCHEMISTRY,BLOOD,2000,4 TO 5 WORKING DAY,,,HBeAb,,Negative,,,,,,,,,,,,,,,,,,,,,,,,,,,,,,,,,,,,,,,,,,,,,,,,,,,,,,,,,,,,,,,,,,,,,,,,,,,,,,,,,,,,,,,
LAB186,ALDOLASE,BIOCHEMISTRY,BLOOD,2500,3 TO 4 WORKING DAY,,3 TO 5 CC CLOTTED BLOOD OR SERUM,Aldolase,U/L,1-7.5,,,,,,,,,,,,,,,,,,,,,,,,,,,,,,,,,,,,,,,,,,,,,,,,,,,,,,,,,,,,,,,,,,,,,,,,,,,,,,,,,,,,,,,
LAB187,COPPER (SERUM),BIOCHEMISTRY,BLOOD,2500,4 T0 5 WORKING DAY,,3 t0 5 cc clotted blood or serum,Copper Serum,mcg/dL,70-140,,,,,,,,,,,,,,,,,,,,,,,,,,,,,,,,,,,,,,,,,,,,,,,,,,,,,,,,,,,,,,,,,,,,,,,,,,,,,,,,,,,,,,,
LAB188,PROTEIN ELECTROPHORESIS,BIOCHEMISTRY,BLOOD,3000,AFTER 10 TO 12 WORK,,3CC CLOTTED BLOOD OR SERUM,Protein Electrophoresis,,Normal,,,,,,,,,,,,,,,,,,,,,,,,,,,,,,,,,,,,,,,,,,,,,,,,,,,,,,,,,,,,,,,,,,,,,,,,,,,,,,,,,,,,,,,
LAB189,Androgen,BIOCHEMISTRY,BLOOD,3200,5 T0 6 WORKING DAY,,3 to 5 cc serum,Androgen,ng/dL,Male:300-1000,,,,,,,,,,,,,,,,,,,,,,,,,,,,,,,,,,,,,,,,,,,,,,,,,,,,,,,,,,,,,,,,,,,,,,,,,,,,,,,,,,,,,,,
LAB190,HOMOCYSTEINE,BIOCHEMISTRY,BLOOD,3000,4 TO 5 WORKING DAY,,clotted blood,Homocysteine,mcmol/L,5-15,,,,,,,,,,,,,,,,,,,,,,,,,,,,,,,,,,,,,,,,,,,,,,,,,,,,,,,,,,,,,,,,,,,,,,,,,,,,,,,,,,,,,,,
LAB191,THYROGLOBULIN ANTIBODIES,BIOCHEMISTRY,BLOOD,3000,5 TO 7 WORKING DAY,,clotted blood or serum,Thyroglobulin Ab,IU/mL,<40,,,,,,,,,,,,,,,,,,,,,,,,,,,,,,,,,,,,,,,,,,,,,,,,,,,,,,,,,,,,,,,,,,,,,,,,,,,,,,,,,,,,,,,
LAB192,24 HRS. URINARY PROTEIN,BIOCHEMISTRY,BLOOD,2000,4 TO 5 WORKING DAY,,collect 24 hour urine in a clean bottle,24h Urinary Protein,mg/day,<150,,,,,,,,,,,,,,,,,,,,,,,,,,,,,,,,,,,,,,,,,,,,,,,,,,,,,,,,,,,,,,,,,,,,,,,,,,,,,,,,,,,,,,,
LAB193,CERULOPLASMIN,BIOCHEMISTRY,BLOOD,2200,4 TO 5 WORKING DAY,,3 cc clotted blood or serum,Ceruloplasmin,mg/dL,20-35,,,,,,,,,,,,,,,,,,,,,,,,,,,,,,,,,,,,,,,,,,,,,,,,,,,,,,,,,,,,,,,,,,,,,,,,,,,,,,,,,,,,,,,
LAB194,TPHA ( SCREENING ),BIOCHEMISTRY,BLOOD,1000,4 TO 5 WORKING DAY,,3 CC CLOTTED BLOOD OR SERUM,TPHA,,Negative,,,,,,,,,,,,,,,,,,,,,,,,,,,,,,,,,,,,,,,,,,,,,,,,,,,,,,,,,,,,,,,,,,,,,,,,,,,,,,,,,,,,,,,
LAB195,HERPRES ( IgG ),BIOCHEMISTRY,BLOOD,1000,7 TO 8 WORKING DAY,,clotted blood or serum,Herpes IgG,,Negative/Immune,,,,,,,,,,,,,,,,,,,,,,,,,,,,,,,,,,,,,,,,,,,,,,,,,,,,,,,,,,,,,,,,,,,,,,,,,,,,,,,,,,,,,,,
LAB196,ASMA ANTI SMOOTH MUSCLE ANTIBODY,BIOCHEMISTRY,BLOOD,2500,4 TO 5 WORKING DAY,,3 cc clotted blood or serum,ASMA,,Negative,,,,,,,,,,,,,,,,,,,,,,,,,,,,,,,,,,,,,,,,,,,,,,,,,,,,,,,,,,,,,,,,,,,,,,,,,,,,,,,,,,,,,,,
LAB197,"IMMUNOGLOBULIN (IGA,IGG,IGM)",BIOCHEMISTRY,BLOOD,4500,4 TO 5 WORKING DAY,,3CC CLOTTED BLOOD OR SERUM,Immunoglobulins,,Normal,,,,,,,,,,,,,,,,,,,,,,,,,,,,,,,,,,,,,,,,,,,,,,,,,,,,,,,,,,,,,,,,,,,,,,,,,,,,,,,,,,,,,,,
LAB198,COVID 19 IgG,BIOCHEMISTRY,BLOOD,2500,4 TO 5 WORKING DAY,,CLOTTED BLOOD OR SERUM,COVID IgG,,Negative,,,,,,,,,,,,,,,,,,,,,,,,,,,,,,,,,,,,,,,,,,,,,,,,,,,,,,,,,,,,,,,,,,,,,,,,,,,,,,,,,,,,,,,
LAB199,COVID 19 IgM,BIOCHEMISTRY,BLOOD,2500,4 TO 5 WORKING DAY,,,COVID IgM,,Negative,,,,,,,,,,,,,,,,,,,,,,,,,,,,,,,,,,,,,,,,,,,,,,,,,,,,,,,,,,,,,,,,,,,,,,,,,,,,,,,,,,,,,,,
LAB200,ANTI SPERM ANTIBODIES,BIOCHEMISTRY,BLOOD,3500,4 TO 5 WORKING DAY,,3 cc clotted blood or serum,Anti Sperm Ab,,Negative,,,,,,,,,,,,,,,,,,,,,,,,,,,,,,,,,,,,,,,,,,,,,,,,,,,,,,,,,,,,,,,,,,,,,,,,,,,,,,,,,,,,,,,
LAB201,EOSINOPHIL COUNT,BIOCHEMISTRY,BLOOD,1500,2 DAYS,,3 CC EDTA BLOOD (CBC VIAL),Eosinophils,%,1-4,,,,,,,,,,,,,,,,,,,,,,,,,,,,,,,,,,,,,,,,,,,,,,,,,,,,,,,,,,,,,,,,,,,,,,,,,,,,,,,,,,,,,,,
LAB202,CA15-3,BIOCHEMISTRY,BLOOD,2500,4 TO 5 DAYS,,3 TO 5 CC CLOTTED BLOOD OR SERUM,CA 15-3,U/mL,<30,,,,,,,,,,,,,,,,,,,,,,,,,,,,,,,,,,,,,,,,,,,,,,,,,,,,,,,,,,,,,,,,,,,,,,,,,,,,,,,,,,,,,,,
LAB203,ENA PROFILE,BIOCHEMISTRY,BLOOD,6000,4 TO 5 WORKING DAY,,3 CC CLOTTED BLOOD OR SERUM,ENA Profile,,Negative,,,,,,,,,,,,,,,,,,,,,,,,,,,,,,,,,,,,,,,,,,,,,,,,,,,,,,,,,,,,,,,,,,,,,,,,,,,,,,,,,,,,,,,
LAB204,ANTI HBC IGG,BIOCHEMISTRY,BLOOD,2000,5 TO 6 WORKING DAY,,3cc clotted blood or serum,Anti HBc IgG,,Negative,,,,,,,,,,,,,,,,,,,,,,,,,,,,,,,,,,,,,,,,,,,,,,,,,,,,,,,,,,,,,,,,,,,,,,,,,,,,,,,,,,,,,,,
LAB205,ANTI HBC IGM,BIOCHEMISTRY,BLOOD,2000,5 TO 6 WORKING DAY,,3 CC CLOTTED BLOOD OR SERUM,Anti HBc IgM,,Negative,,,,,,,,,,,,,,,,,,,,,,,,,,,,,,,,,,,,,,,,,,,,,,,,,,,,,,,,,,,,,,,,,,,,,,,,,,,,,,,,,,,,,,,
LAB206,ACE (ANGIOTENSIN CONVERTING ENZYME),BIOCHEMISTRY,BLOOD,2000,5 TO 6 WORKING DAY,,3 CC CLOTTED BLOOD OR SERUM,ACE,U/L,8-52,,,,,,,,,,,,,,,,,,,,,,,,,,,,,,,,,,,,,,,,,,,,,,,,,,,,,,,,,,,,,,,,,,,,,,,,,,,,,,,,,,,,,,,
LAB207,17 OH PROGESTERONE,BIOCHEMISTRY,BLOOD,3200,4 TO 5 WORKING DAY,,CLOTTED BLOOD OR SERUM,17-OH Progesterone,ng/dL,<200,,,,,,,,,,,,,,,,,,,,,,,,,,,,,,,,,,,,,,,,,,,,,,,,,,,,,,,,,,,,,,,,,,,,,,,,,,,,,,,,,,,,,,,
LAB208,PIVKA II,BIOCHEMISTRY,BLOOD,3000,5 to 6 days,,3 CC CLOTTED BLOOD OR SERUM,PIVKA II,mAU/mL,<40,,,,,,,,,,,,,,,,,,,,,,,,,,,,,,,,,,,,,,,,,,,,,,,,,,,,,,,,,,,,,,,,,,,,,,,,,,,,,,,,,,,,,,,
LAB209,BLOOD CULTURE AEROBIC,MICROBIOLOGY,BLOOD,2500,8 to 10 days,,blood culture Aerobic vial,Blood Culture Aerobic,,No Growth,,,,,,,,,,,,,,,,,,,,,,,,,,,,,,,,,,,,,,,,,,,,,,,,,,,,,,,,,,,,,,,,,,,,,,,,,,,,,,,,,,,,,,,
LAB210,SEMEN FRUCTOSE CONTENT,BIOCHEMISTRY,SEMEN,3000,6 TO 7 DAYS,,SEMEN,Semen Fructose,mg/dL,>150,,,,,,,,,,,,,,,,,,,,,,,,,,,,,,,,,,,,,,,,,,,,,,,,,,,,,,,,,,,,,,,,,,,,,,,,,,,,,,,,,,,,,,,
LAB211,BILE PIGMENT,BIOCHEMISTRY,URINE,1000,3 TO 4 DAYS,,FRESH URINE,Bile Pigment,,Negative,,,,,,,,,,,,,,,,,,,,,,,,,,,,,,,,,,,,,,,,,,,,,,,,,,,,,,,,,,,,,,,,,,,,,,,,,,,,,,,,,,,,,,,
LAB212,INSULIN GROWTH FACTOR (IGF-1),BIOCHEMISTRY,BLOOD,3500,4 TO 5 DAYS,,3 CC CLOTTED BLOOD OR SERUM,IGF-1,ng/mL,100-300,,,,,,,,,,,,,,,,,,,,,,,,,,,,,,,,,,,,,,,,,,,,,,,,,,,,,,,,,,,,,,,,,,,,,,,,,,,,,,,,,,,,,,,
LAB213,KETONES (URINE),BIOCHEMISTRY,URINE,1000,4 TO 5 WORKING DAY,,URINE(RANDOM/SPOT),Urine Ketones,,Negative,,,,,,,,,,,,,,,,,,,,,,,,,,,,,,,,,,,,,,,,,,,,,,,,,,,,,,,,,,,,,,,,,,,,,,,,,,,,,,,,,,,,,,,
LAB214,CREATININE CLEARANCE 24 HOURS (URINE),BIOCHEMISTRY,BLOOD,1400,3 TO 4 DAYS,,SERUM AND 24 HOURS URINE,Creatinine Clearance,mL/min,90-120,,,,,,,,,,,,,,,,,,,,,,,,,,,,,,,,,,,,,,,,,,,,,,,,,,,,,,,,,,,,,,,,,,,,,,,,,,,,,,,,,,,,,,,
LAB215,ECHINOCOCCUS ANTIBODY (IGG),BIOCHEMISTRY,BLOOD,2500,4 TO 5 DAYS,,3CC CLOTTED BLOOD OR SERUM,Echinococcus IgG,,Negative,,,,,,,,,,,,,,,,,,,,,,,,,,,,,,,,,,,,,,,,,,,,,,,,,,,,,,,,,,,,,,,,,,,,,,,,,,,,,,,,,,,,,,,
LAB216,ANDROSTENEDIONE LEVEL,BIOCHEMISTRY,BLOOD,3000,4 TO 5 DAYS,,3 CC CLOTTED BLOOD OR SERUM,Androstenedione,ng/dL,50-220,,,,,,,,,,,,,,,,,,,,,,,,,,,,,,,,,,,,,,,,,,,,,,,,,,,,,,,,,,,,,,,,,,,,,,,,,,,,,,,,,,,,,,,
LAB217,SPUTUM FOR GENE EXPERT TEST,BIOCHEMISTRY,SPUTUM,8000,7 to 8 days,,Morning first sputum,GeneXpert,,Not Detected,,,,,,,,,,,,,,,,,,,,,,,,,,,,,,,,,,,,,,,,,,,,,,,,,,,,,,,,,,,,,,,,,,,,,,,,,,,,,,,,,,,,,,,
LAB218,SPUTUM FOR FUNGAL HYPHAE,BIOCHEMISTRY,SPUTUM,2000,5 to 6 days,,Morning Sputum,Fungal Hyphae,,Negative,,,,,,,,,,,,,,,,,,,,,,,,,,,,,,,,,,,,,,,,,,,,,,,,,,,,,,,,,,,,,,,,,,,,,,,,,,,,,,,,,,,,,,,
LAB219,IMMUNOGLOBULIN - E (IGE),BIOCHEMISTRY,BLOOD,1500,4-5 days,,3cc clotted Blood serum,IgE,IU/mL,<100,,,,,,,,,,,,,,,,,,,,,,,,,,,,,,,,,,,,,,,,,,,,,,,,,,,,,,,,,,,,,,,,,,,,,,,,,,,,,,,,,,,,,,,
LAB220,ANTI GBM IGG,BIOCHEMISTRY,BLOOD,3200,5 TO 7 DAYS,,3 TO 5 CC CLOTTED BLOOD OR SERUM,Anti GBM,,Negative,,,,,,,,,,,,,,,,,,,,,,,,,,,,,,,,,,,,,,,,,,,,,,,,,,,,,,,,,,,,,,,,,,,,,,,,,,,,,,,,,,,,,,,
LAB221,ANTI TSH RECEPTOR ANTIBODIES,BIOCHEMISTRY,BLOOD,5000,5 to 6 days,,3 cc clotted blood or serum,TSH Receptor Ab,IU/L,<1.5,,,,,,,,,,,,,,,,,,,,,,,,,,,,,,,,,,,,,,,,,,,,,,,,,,,,,,,,,,,,,,,,,,,,,,,,,,,,,,,,,,,,,,,
LAB222,BLOOD CULTURE ANAEROBIC,MICROBIOLOGY,BLOOD,2500,AFTER 8 TO 10 DAYS,,blood culture Anaerobic vial,Blood Culture Anaerobic,,No Growth,,,,,,,,,,,,,,,,,,,,,,,,,,,,,,,,,,,,,,,,,,,,,,,,,,,,,,,,,,,,,,,,,,,,,,,,,,,,,,,,,,,,,,,
LAB223,BLOOD CULTURE AEROBIC & ANAEROBIC,BIOCHEMISTRY,BLOOD,4000,AFTER 8 TO 10 DAYS,,BLOOD CULTURE VIALS ( AEROBIC & ANAER,Blood Culture Aerobic & Anaerobic,,No Growth,,,,,,,,,,,,,,,,,,,,,,,,,,,,,,,,,,,,,,,,,,,,,,,,,,,,,,,,,,,,,,,,,,,,,,,,,,,,,,,,,,,,,,,
LAB224,IONIZED CALCIUM,BIOCHEMISTRY,BLOOD,1400,4 TO 5 DAYS,,3 TO 5 CC CLOTTED BLOOD OR SERUM,Ionized Calcium,mmol/L,1.1-1.3,,,,,,,,,,,,,,,,,,,,,,,,,,,,,,,,,,,,,,,,,,,,,,,,,,,,,,,,,,,,,,,,,,,,,,,,,,,,,,,,,,,,,,,
LAB225,SPUTUM FOR CYTOLOGY,BIOCHEMISTRY,SPUTUM,2000,5 TO 6 DAYS,,SPUTUM,Sputum Cytology,,Normal,,,,,,,,,,,,,,,,,,,,,,,,,,,,,,,,,,,,,,,,,,,,,,,,,,,,,,,,,,,,,,,,,,,,,,,,,,,,,,,,,,,,,,,
LAB226,HIV-1 AND HIV -2,IMMUNOLOGY,BLOOD,1200,SAME DAY,,SERUM AND WHOLE BLOOD,HIV 1 & 2,,Negative,,,,,,,,,,,,,,,,,,,,,,,,,,,,,,,,,,,,,,,,,,,,,,,,,,,,,,,,,,,,,,,,,,,,,,,,,,,,,,,,,,,,,,,
LAB227,SHBG,BIOCHEMISTRY,BLOOD,2500,4 TO 5 DAYS,,3 TO 5 CC CLOTTED BLOOD OR SERUM,SHBG,nmol/L,10-57,,,,,,,,,,,,,,,,,,,,,,,,,,,,,,,,,,,,,,,,,,,,,,,,,,,,,,,,,,,,,,,,,,,,,,,,,,,,,,,,,,,,,,,
LAB228,ANTI GLIADIN ABS,IMMUNOLOGY,BLOOD,4400,5 to 6 days,,3 to 5 cc clotted blood or serum,Anti Gliadin,,Negative,,,,,,,,,,,,,,,,,,,,,,,,,,,,,,,,,,,,,,,,,,,,,,,,,,,,,,,,,,,,,,,,,,,,,,,,,,,,,,,,,,,,,,,
LAB229,ENA PROFILE (P),BIOCHEMISTRY,BLOOD,6000,4 TO 5 WORKING DAY,,3 CC CLOTTED BLOOD OR SERUM,ENA Profile P,,Negative,,,,,,,,,,,,,,,,,,,,,,,,,,,,,,,,,,,,,,,,,,,,,,,,,,,,,,,,,,,,,,,,,,,,,,,,,,,,,,,,,,,,,,,
LAB230,TSH RECEPTOR ANTIBODIES (TRAB),IMMUNOLOGY,BLOOD,6000,60 t0 7 days,,3 cc clotted blood or serum,TRAb,IU/L,<1.5,,,,,,,,,,,,,,,,,,,,,,,,,,,,,,,,,,,,,,,,,,,,,,,,,,,,,,,,,,,,,,,,,,,,,,,,,,,,,,,,,,,,,,,
LAB231,ANTI THYROID ANTIBODY( ATA ),IMMUNOLOGY,BLOOD,4000,5 TO 7 DAYS,,3 TO 5 CC CLOTTED BLOOD OR SERUM,Anti Thyroid Ab,,Negative,,,,,,,,,,,,,,,,,,,,,,,,,,,,,,,,,,,,,,,,,,,,,,,,,,,,,,,,,,,,,,,,,,,,,,,,,,,,,,,,,,,,,,,
LAB232,TRANSFERRIN SATURATION SERUM,BIOCHEMISTRY,BLOOD,3500,6 TO 7 DAYS,,3 CC CLOTTED BLOOD OR SERUM,Transferrin Saturation,%,20-50,,,,,,,,,,,,,,,,,,,,,,,,,,,,,,,,,,,,,,,,,,,,,,,,,,,,,,,,,,,,,,,,,,,,,,,,,,,,,,,,,,,,,,,
LAB233,VALPROIC ACID ( EPIVAL ),BIOCHEMISTRY,BLOOD,6000,5 TO 6 DAYS,,3 CC CLOTTED BLOOD OR SERUM,Valproic Acid,mcg/mL,50-100,,,,,,,,,,,,,,,,,,,,,,,,,,,,,,,,,,,,,,,,,,,,,,,,,,,,,,,,,,,,,,,,,,,,,,,,,,,,,,,,,,,,,,,
LAB234,FACTOR IX LEVEL,BIOCHEMISTRY,BLOOD,1600,4 TO 5 WORKING DAY,,SODIUM CITRARTE PT VIAL,Factor IX,%,50-150,,,,,,,,,,,,,,,,,,,,,,,,,,,,,,,,,,,,,,,,,,,,,,,,,,,,,,,,,,,,,,,,,,,,,,,,,,,,,,,,,,,,,,,
LAB235,FACTOR VIII LEVEL,BIOCHEMISTRY,BLOOD,1600,4 TO 5 WORKING DAY,,SODIUM CITRATE TUBE ( PT VIAL),Factor VIII,%,50-150,,,,,,,,,,,,,,,,,,,,,,,,,,,,,,,,,,,,,,,,,,,,,,,,,,,,,,,,,,,,,,,,,,,,,,,,,,,,,,,,,,,,,,,
LAB236,LITHIUM,BIOCHEMISTRY,BLOOD,1500,5 TO 6 WORKING DAY,,3CC CLOTTED BLOOD OR SERUM,Lithium,mmol/L,0.6-1.2,,,,,,,,,,,,,,,,,,,,,,,,,,,,,,,,,,,,,,,,,,,,,,,,,,,,,,,,,,,,,,,,,,,,,,,,,,,,,,,,,,,,,,,
LAB237,BENCE JONES PROTEIN URINE,BIOCHEMISTRY,URINE,1500,4 TO 5 WORKING DAY,,URINE,Bence Jones Protein,,Negative,,,,,,,,,,,,,,,,,,,,,,,,,,,,,,,,,,,,,,,,,,,,,,,,,,,,,,,,,,,,,,,,,,,,,,,,,,,,,,,,,,,,,,,
LAB238,ANTI CARDIOLIPIN IgG,IMMUNOLOGY,BLOOD,1800,4 TO 5 WORKING DAY,,3 TO 5CC CLOTTED BLOOD OR SERUM,Anti Cardiolipin IgG,GPL,<20,,,,,,,,,,,,,,,,,,,,,,,,,,,,,,,,,,,,,,,,,,,,,,,,,,,,,,,,,,,,,,,,,,,,,,,,,,,,,,,,,,,,,,,
LAB239,ANTI CARDIOLIPIN IgM,IMMUNOLOGY,BLOOD,1800,4 TO 5 WORKING DAY,,3 to 5 cc clotted blood or serum,Anti Cardiolipin IgM,MPL,<20,,,,,,,,,,,,,,,,,,,,,,,,,,,,,,,,,,,,,,,,,,,,,,,,,,,,,,,,,,,,,,,,,,,,,,,,,,,,,,,,,,,,,,,
LAB240,RH ANTIBODIES,IMMUNOLOGY,BLOOD,3000,4 TO 5 WORKING DAY,,,RH Antibodies,,Negative,,,,,,,,,,,,,,,,,,,,,,,,,,,,,,,,,,,,,,,,,,,,,,,,,,,,,,,,,,,,,,,,,,,,,,,,,,,,,,,,,,,,,,,
LAB241,SPUTUM FOR CULTURE AND SENSITVITY,MICROBIOLOGY,SPUTUM,2000,4 TO 5 DAYS,,MORNING SPUTUM,Sputum Culture,,No Growth,,,,,,,,,,,,,,,,,,,,,,,,,,,,,,,,,,,,,,,,,,,,,,,,,,,,,,,,,,,,,,,,,,,,,,,,,,,,,,,,,,,,,,,
LAB242,HCV GENOTYPING,BIOCHEMISTRY,BLOOD,4500,5 TO 6 DAYS,,3 TO 5 CC CLOTTED BLOOD OR SERUM,HCV Genotyping,,Detected/Not Detected,,,,,,,,,,,,,,,,,,,,,,,,,,,,,,,,,,,,,,,,,,,,,,,,,,,,,,,,,,,,,,,,,,,,,,,,,,,,,,,,,,,,,,,
LAB243,COPPER (24 HOURS URINE ),BIOCHEMISTRY,URINE,2500,4 TO 5 DYS,,24 HOURS URINE,Copper 24h Urine,mcg/day,15-60,,,,,,,,,,,,,,,,,,,,,,,,,,,,,,,,,,,,,,,,,,,,,,,,,,,,,,,,,,,,,,,,,,,,,,,,,,,,,,,,,,,,,,,
LAB244,Fibrinogen,BIOCHEMISTRY,BLOOD,800,4 TO 5 WORKING DAY,,sodium citrate tube blue top,Fibrinogen,mg/dL,200-400,,,,,,,,,,,,,,,,,,,,,,,,,,,,,,,,,,,,,,,,,,,,,,,,,,,,,,,,,,,,,,,,,,,,,,,,,,,,,,,,,,,,,,,
LAB245,LIPOPROTEIN,BIOCHEMISTRY,BLOOD,1500,4 TO 5 WORKING DAY,,clotted blood or serum,Lipoprotein,mg/dL,<30,,,,,,,,,,,,,,,,,,,,,,,,,,,,,,,,,,,,,,,,,,,,,,,,,,,,,,,,,,,,,,,,,,,,,,,,,,,,,,,,,,,,,,,
LAB246,CMV ( IgG ),IMMUNOLOGY,BLOOD,1200,7 TO 8 WORKING DAY,,clotted blood or serum,CMV IgG,,Negative/Immune,,,,,,,,,,,,,,,,,,,,,,,,,,,,,,,,,,,,,,,,,,,,,,,,,,,,,,,,,,,,,,,,,,,,,,,,,,,,,,,,,,,,,,,
LAB247,G6 PD,BIOCHEMISTRY,BLOOD,1200,4 TO 5 WORKING DAY,,3CC ( CBC VIAL ),G6PD,U/g Hb,7-20,,,,,,,,,,,,,,,,,,,,,,,,,,,,,,,,,,,,,,,,,,,,,,,,,,,,,,,,,,,,,,,,,,,,,,,,,,,,,,,,,,,,,,,
LAB248,Anti HBs,BIOCHEMISTRY,BLOOD,2000,4 TO 5 WORKING DAY,,clotted blood or serum,Anti HBs,mIU/mL,>10 immune,,,,,,,,,,,,,,,,,,,,,,,,,,,,,,,,,,,,,,,,,,,,,,,,,,,,,,,,,,,,,,,,,,,,,,,,,,,,,,,,,,,,,,,
LAB249,CHLORIDE ( CL - ),BIOCHEMISTRY,BLOOD,400,3 WORKING DAYS,,3 cc clotted blood or serum,Chloride,mmol/L,98-106,,,,,,,,,,,,,,,,,,,,,,,,,,,,,,,,,,,,,,,,,,,,,,,,,,,,,,,,,,,,,,,,,,,,,,,,,,,,,,,,,,,,,,,
LAB250,ANTIMITOCHONDRIAL ANTIBODY AND AMA M2,BIOCHEMISTRY,BLOOD,2500,4 TO 5 WORKING DAY,,3 cc clotted blood or serum,AMA M2,,Negative,,,,,,,,,,,,,,,,,,,,,,,,,,,,,,,,,,,,,,,,,,,,,,,,,,,,,,,,,,,,,,,,,,,,,,,,,,,,,,,,,,,,,,,
LAB251,PREGNANCY PROFILE,BIOCHEMISTRY,BLOOD,2000,4 TO 5 WORKING DAY,,,Pregnancy Profile,,See parameters,,,,,,,,,,,,,,,,,,,,,,,,,,,,,,,,,,,,,,,,,,,,,,,,,,,,,,,,,,,,,,,,,,,,,,,,,,,,,,,,,,,,,,,
LAB252,CORTISOL (24 HRS URINE ),BIOCHEMISTRY,URINE,2000,4 TO 5 WORKING DAY,,24 hours urine,Cortisol 24h Urine,mcg/day,10-100,,,,,,,,,,,,,,,,,,,,,,,,,,,,,,,,,,,,,,,,,,,,,,,,,,,,,,,,,,,,,,,,,,,,,,,,,,,,,,,,,,,,,,,
LAB253,SPOT URINE CREATININE,BIOCHEMISTRY,URINE,1000,4 TO 5 WORKING DAY,,URINE,Urine Creatinine Spot,mg/dL,20-275,,,,,,,,,,,,,,,,,,,,,,,,,,,,,,,,,,,,,,,,,,,,,,,,,,,,,,,,,,,,,,,,,,,,,,,,,,,,,,,,,,,,,,,
LAB254,PROTEIN URINE,BIOCHEMISTRY,URINE,1000,4 TO 5 WORKING DAY,,URINE,Protein Urine,mg/dL,<150,,,,,,,,,,,,,,,,,,,,,,,,,,,,,,,,,,,,,,,,,,,,,,,,,,,,,,,,,,,,,,,,,,,,,,,,,,,,,,,,,,,,,,,
LAB255,VANCOMYCIN LEVEL,BIOCHEMISTRY,BLOOD,2500,4 TO 5 WORKING DAY,,3 CC CLOTTED BLOOD OR SERUM,Vancomycin,mcg/mL,10-20,,,,,,,,,,,,,,,,,,,,,,,,,,,,,,,,,,,,,,,,,,,,,,,,,,,,,,,,,,,,,,,,,,,,,,,,,,,,,,,,,,,,,,,
LAB256,POTASSIUM  URINE,BIOCHEMISTRY,URINE,1200,4 TO 5 DAYS,,FRESH URINE,Urine Potassium,mmol/L,25-125,,,,,,,,,,,,,,,,,,,,,,,,,,,,,,,,,,,,,,,,,,,,,,,,,,,,,,,,,,,,,,,,,,,,,,,,,,,,,,,,,,,,,,,
LAB257,ANTIDIURETIC HORMONE (ADH),BIOCHEMISTRY,BLOOD,3000,4 TO 5 DAYS,,,ADH,pg/mL,1-13,,,,,,,,,,,,,,,,,,,,,,,,,,,,,,,,,,,,,,,,,,,,,,,,,,,,,,,,,,,,,,,,,,,,,,,,,,,,,,,,,,,,,,,
LAB258,MYCODOT IGM ELISA,IMMUNOLOGY,BLOOD,2000,4 TO 5 DAYS,,,Mycodot IgM,,Negative,,,,,,,,,,,,,,,,,,,,,,,,,,,,,,,,,,,,,,,,,,,,,,,,,,,,,,,,,,,,,,,,,,,,,,,,,,,,,,,,,,,,,,,
LAB259,MYCODOT IGG ELISA,IMMUNOLOGY,BLOOD,2000,4 TO 5 DAYS,,,Mycodot IgG,,Negative,,,,,,,,,,,,,,,,,,,,,,,,,,,,,,,,,,,,,,,,,,,,,,,,,,,,,,,,,,,,,,,,,,,,,,,,,,,,,,,,,,,,,,,
LAB260,KETONE (BLOOD),BIOCHEMISTRY,BLOOD,1000,4 TO 5 WORKING DAY,,2 OR 3CC CLOTTED BLOOED OR SERUM,Blood Ketones,mmol/L,<0.6,,,,,,,,,,,,,,,,,,,,,,,,,,,,,,,,,,,,,,,,,,,,,,,,,,,,,,,,,,,,,,,,,,,,,,,,,,,,,,,,,,,,,,,
LAB261,A/G Ratio,BIOCHEMISTRY,BLOOD,400,3 HOURS,,serum 3cc,A/G Ratio,,1.0-2.5,,,,,,,,,,,,,,,,,,,,,,,,,,,,,,,,,,,,,,,,,,,,,,,,,,,,,,,,,,,,,,,,,,,,,,,,,,,,,,,,,,,,,,,
LAB262,PARATHYROID HORMONE (PTH),BIOCHEMISTRY,BLOOD,3500,5 TO 6 DAYS,,3CC CLOTTED BLOOD OR SERUM,Parathyroid Hormone (PTH),pg/mL,10-65,,,,,,,,,,,,,,,,,,,,,,,,,,,,,,,,,,,,,,,,,,,,,,,,,,,,,,,,,,,,,,,,,,,,,,,,,,,,,,,,,,,,,,,
LAB263,HDV IGM ELISA,BIOCHEMISTRY,BLOOD,2200,5 TO 6 DAYS,,3 CC CLOTTED BLOOD OR SERUM,HDV IgM,,Negative,,,,,,,,,,,,,,,,,,,,,,,,,,,,,,,,,,,,,,,,,,,,,,,,,,,,,,,,,,,,,,,,,,,,,,,,,,,,,,,,,,,,,,,
LAB264,CALCIUM URINE SPOT,BIOCHEMISTRY,URINE,1500,6 TO 7 DAYS,,URINE,Urine Calcium (Spot),mg/dL,100-300/day equivalent,,,,,,,,,,,,,,,,,,,,,,,,,,,,,,,,,,,,,,,,,,,,,,,,,,,,,,,,,,,,,,,,,,,,,,,,,,,,,,,,,,,,,,,
LAB265,VWF( VON WILLEBRAND FACTOR),BIOCHEMISTRY,BLOOD,8000,8 to 9 days,,pt vial blue top,Von Willebrand Factor,%,50-150,,,,,,,,,,,,,,,,,,,,,,,,,,,,,,,,,,,,,,,,,,,,,,,,,,,,,,,,,,,,,,,,,,,,,,,,,,,,,,,,,,,,,,,
LAB266,ANTI GLIADIN IGA,IMMUNOLOGY,BLOOD,2200,5 TO 6 DAYS,,3 TO 5 CC CLOTTED BLOOD OR SERUM,Anti Gliadin IgA,,Negative,,,,,,,,,,,,,,,,,,,,,,,,,,,,,,,,,,,,,,,,,,,,,,,,,,,,,,,,,,,,,,,,,,,,,,,,,,,,,,,,,,,,,,,
LAB267,ANTI GLIADIN IGG,IMMUNOLOGY,BLOOD,2200,5 TO 6 DAYS,,3 TO 5 CC CLOTTED BLOOD OR SERUM,Anti Gliadin IgG,,Negative,,,,,,,,,,,,,,,,,,,,,,,,,,,,,,,,,,,,,,,,,,,,,,,,,,,,,,,,,,,,,,,,,,,,,,,,,,,,,,,,,,,,,,,
LAB268,MEASELES IGM ANTIBODIES,IMMUNOLOGY,BLOOD,3200,7 to 8 days,,3 to 5 cc clotted blood or serum,Measles IgM,,Negative,,,,,,,,,,,,,,,,,,,,,,,,,,,,,,,,,,,,,,,,,,,,,,,,,,,,,,,,,,,,,,,,,,,,,,,,,,,,,,,,,,,,,,,
LAB269,MEASELES IGG ANTIBODIES,IMMUNOLOGY,BLOOD,3200,7 to 8 days,,3 to 5 cc clotted blood or serum,Measles IgG,,Positive/Immune,,,,,,,,,,,,,,,,,,,,,,,,,,,,,,,,,,,,,,,,,,,,,,,,,,,,,,,,,,,,,,,,,,,,,,,,,,,,,,,,,,,,,,,
LAB270,MUMPS ANTIBODIES IGG,IMMUNOLOGY,BLOOD,2800,7 TO 8 DAYS,,3 CC CLOTTED BLOOD OR SERUM ALSO BLO,Mumps IgG,,Positive/Immune,,,,,,,,,,,,,,,,,,,,,,,,,,,,,,,,,,,,,,,,,,,,,,,,,,,,,,,,,,,,,,,,,,,,,,,,,,,,,,,,,,,,,,,
LAB271,MUMPS IGG,IMMUNOLOGY,BLOOD,3000,7 TO 8 DAYS,,3 CC CLOTTED BLOOD OR SERUM ALSO BLO,Mumps IgG (duplicate),,Positive/Immune,,,,,,,,,,,,,,,,,,,,,,,,,,,,,,,,,,,,,,,,,,,,,,,,,,,,,,,,,,,,,,,,,,,,,,,,,,,,,,,,,,,,,,,
LAB272,MUMPS IGM,IMMUNOLOGY,BLOOD,3000,7 TO 8 DAYS,,3 CC CLOTTED BLOOD OR SERUM ALSO BLO,Mumps IgM,,Negative,,,,,,,,,,,,,,,,,,,,,,,,,,,,,,,,,,,,,,,,,,,,,,,,,,,,,,,,,,,,,,,,,,,,,,,,,,,,,,,,,,,,,,,
LAB273,B2 GLYCOPROTEIN,BIOCHEMISTRY,BLOOD,3500,5 to 6 days,,3 to 5 cc clotted blood or serum,Beta-2 Glycoprotein,U/mL,<20,,,,,,,,,,,,,,,,,,,,,,,,,,,,,,,,,,,,,,,,,,,,,,,,,,,,,,,,,,,,,,,,,,,,,,,,,,,,,,,,,,,,,,,
LAB274,DIHYDROTESTOSTERONE DHT,BIOCHEMISTRY,BLOOD,4500,2 weeks minimum,,2 VIALS OF SERUM,DHT,ng/dL,30-85,,,,,,,,,,,,,,,,,,,,,,,,,,,,,,,,,,,,,,,,,,,,,,,,,,,,,,,,,,,,,,,,,,,,,,,,,,,,,,,,,,,,,,,
LAB275,SERUM BILE SALT,BIOCHEMISTRY,BLOOD,2500,5 TO 7 DAYS,,12 HOURS FASTING REQUIRED 3 cc clotted ,Serum Bile Salt,mcmol/L,0-10,,,,,,,,,,,,,,,,,,,,,,,,,,,,,,,,,,,,,,,,,,,,,,,,,,,,,,,,,,,,,,,,,,,,,,,,,,,,,,,,,,,,,,,
LAB276,GASTRIN LEVEL,BIOCHEMISTRY,BLOOD,4500,5 to 7 days,,3 to 5 cc clotted blood orserum,Gastrin,pg/mL,0-100,,,,,,,,,,,,,,,,,,,,,,,,,,,,,,,,,,,,,,,,,,,,,,,,,,,,,,,,,,,,,,,,,,,,,,,,,,,,,,,,,,,,,,,
LAB277,INTERLUKIN,BIOCHEMISTRY,BLOOD,3800,5 to 7 days,,3 to 5 cc clotted blood or serum,Interleukin,pg/mL,<10,,,,,,,,,,,,,,,,,,,,,,,,,,,,,,,,,,,,,,,,,,,,,,,,,,,,,,,,,,,,,,,,,,,,,,,,,,,,,,,,,,,,,,,
LAB278,PUS FOR CULTURE,MICROBIOLOGY,BLOOD,2500,5 TO 7 DAYS,,PUS,Pus Culture,,No Growth,,,,,,,,,,,,,,,,,,,,,,,,,,,,,,,,,,,,,,,,,,,,,,,,,,,,,,,,,,,,,,,,,,,,,,,,,,,,,,,,,,,,,,,
LAB279,AFB GENE EXPERT,BIOCHEMISTRY,SPUTUM,8000,8 TO 10 DAYS,,FRESH MORNING SPUTUM,AFB GeneXpert,,Not Detected,,,,,,,,,,,,,,,,,,,,,,,,,,,,,,,,,,,,,,,,,,,,,,,,,,,,,,,,,,,,,,,,,,,,,,,,,,,,,,,,,,,,,,,
LAB280,TACROLIMUS,BIOCHEMISTRY,BLOOD,4500,4 TO 5 DAYS,,3cc IN CBC VIAL,Tacrolimus,ng/mL,5-15,,,,,,,,,,,,,,,,,,,,,,,,,,,,,,,,,,,,,,,,,,,,,,,,,,,,,,,,,,,,,,,,,,,,,,,,,,,,,,,,,,,,,,,
LAB281,MICROALBUMIN URINE (SPOT / RANDOM,BIOCHEMISTRY,BLOOD,2000,4 TO 5 DAYS,,,Microalbumin Urine,mg/g,<30,,,,,,,,,,,,,,,,,,,,,,,,,,,,,,,,,,,,,,,,,,,,,,,,,,,,,,,,,,,,,,,,,,,,,,,,,,,,,,,,,,,,,,,
LAB282,T SPOT TB,BIOCHEMISTRY,BLOOD,9000,12 DAYS,,8CC HEPARINIZED BLOOD TUBE,T-Spot TB,,Negative,,,,,,,,,,,,,,,,,,,,,,,,,,,,,,,,,,,,,,,,,,,,,,,,,,,,,,,,,,,,,,,,,,,,,,,,,,,,,,,,,,,,,,,
LAB283,URATE OF 24 HOURS,BIOCHEMISTRY,URINE,1500,5 TO 6 DAYS,,24 HOURS URINE,Urate 24h,mg/day,250-750,,,,,,,,,,,,,,,,,,,,,,,,,,,,,,,,,,,,,,,,,,,,,,,,,,,,,,,,,,,,,,,,,,,,,,,,,,,,,,,,,,,,,,,
LAB284,DENGUE NS1 AG ELISA METHOD,IMMUNOLOGY,BLOOD,2000,3 to 4 days,,3 cc clotted blood or serum,Dengue NS1 ELISA,,Negative,,,,,,,,,,,,,,,,,,,,,,,,,,,,,,,,,,,,,,,,,,,,,,,,,,,,,,,,,,,,,,,,,,,,,,,,,,,,,,,,,,,,,,,
LAB285,PROCALCITONIN LEVEL( PCT),BIOCHEMISTRY,BLOOD,4000,4 TO 5 DAYS,,3 CC CLOTTED BLOOD OR SERUM,Procalcitonin,ng/mL,<0.05,,,,,,,,,,,,,,,,,,,,,,,,,,,,,,,,,,,,,,,,,,,,,,,,,,,,,,,,,,,,,,,,,,,,,,,,,,,,,,,,,,,,,,,
LAB286,ACID PHOSPHATASE,BIOCHEMISTRY,BLOOD,2000,4 TO 5 DAYS,,3 TO 5 CC CLOTTED BLOOD OR SERUM,Acid Phosphatase,U/L,0-5.5,,,,,,,,,,,,,,,,,,,,,,,,,,,,,,,,,,,,,,,,,,,,,,,,,,,,,,,,,,,,,,,,,,,,,,,,,,,,,,,,,,,,,,,
LAB287,ANTI MICROSOMAL AB,IMMUNOLOGY,BLOOD,2000,4 to 5 days,,3 to 5 cc clotted blood or serum,Anti Microsomal Ab,,Negative,,,,,,,,,,,,,,,,,,,,,,,,,,,,,,,,,,,,,,,,,,,,,,,,,,,,,,,,,,,,,,,,,,,,,,,,,,,,,,,,,,,,,,,
LAB288,HEPATITIS PROFILE,IMMUNOLOGY,BLOOD,12000,5 to 6 days Minium,,5 cc clotted blood or serum,Hepatitis Profile,,Negative,,,,,,,,,,,,,,,,,,,,,,,,,,,,,,,,,,,,,,,,,,,,,,,,,,,,,,,,,,,,,,,,,,,,,,,,,,,,,,,,,,,,,,,
LAB289,URINARY CALCIUM CREATININE RATIO,BIOCHEMISTRY,URINE,2000,4 TO 5 DAYS,,URINE,Urinary Ca/Creatinine Ratio,mg/g,<200,,,,,,,,,,,,,,,,,,,,,,,,,,,,,,,,,,,,,,,,,,,,,,,,,,,,,,,,,,,,,,,,,,,,,,,,,,,,,,,,,,,,,,,
LAB290,OXALATE 24 HOURS URINE,BIOCHEMISTRY,URINE,1800,4 TO 5 DAYS,,24 HOURS URINE,Oxalate 24h,mg/day,10-40,,,,,,,,,,,,,,,,,,,,,,,,,,,,,,,,,,,,,,,,,,,,,,,,,,,,,,,,,,,,,,,,,,,,,,,,,,,,,,,,,,,,,,,
LAB291,CALCIUM 24 HOURS URINE,BIOCHEMISTRY,URINE,1800,4 TO 5 DAYS,,24 HOURS URINE,Calcium 24h Urine,mg/day,100-300,,,,,,,,,,,,,,,,,,,,,,,,,,,,,,,,,,,,,,,,,,,,,,,,,,,,,,,,,,,,,,,,,,,,,,,,,,,,,,,,,,,,,,,
LAB292,CITRATE 24 HOURS URINE,BIOCHEMISTRY,URINE,2500,4 to 5 days,,24 hours urine,Citrate 24h Urine,mg/day,320-1240,,,,,,,,,,,,,,,,,,,,,,,,,,,,,,,,,,,,,,,,,,,,,,,,,,,,,,,,,,,,,,,,,,,,,,,,,,,,,,,,,,,,,,,
LAB293,STOOL COMPLETE EXAMINATION,BIOCHEMISTRY,STOOL,2000,3 DAYS,,,Color,-,Brown,Consistency,-,Formed / Semi-formed,Odor,-,Normal,Mucus,-,Absent,Blood,-,Absent,Pus Cells,/HPF,0 – 5,Red Blood Cells (RBCs),/HPF,Absent,Epithelial Cells,/HPF,Few,Ova,-,Absent,Cysts,-,Absent,Trophozoites,-,Absent,Helminths / Parasites,-,Absent,Occult Blood,-,Negative,Fat Globules,-,Absent,Undigested Food Particles,-,Minimal,Starch Granules,-,Absent / Few,Yeast Cells,-,Absent,Bacteria,-,Normal Flora Present,pH,-,6.5 – 7.5,Reducing Substances,-,Negative,,,,,,,,,,,,,,,,,,,,,,,,,,,,,,
LAB294,STOOL FOR H PYLORI,BIOCHEMISTRY,STOOL,2000,3 DAYS,,,Stool H. pylori,,Negative,,,,,,,,,,,,,,,,,,,,,,,,,,,,,,,,,,,,,,,,,,,,,,,,,,,,,,,,,,,,,,,,,,,,,,,,,,,,,,,,,,,,,,,
